ID,Traffic Volume
0,492
1,241
2,120
3,371
4,260
5,138
6,473
7,425
8,30
9,462
10,297
11,491
12,300
13,79
14,134
15,199
16,493
17,138
18,477
19,375
20,119
21,174
22,225
23,464
24,120
25,490
26,113
27,262
28,317
29,246
30,268
31,32
32,327
33,72
34,441
35,407
36,238
37,369
38,75
39,498
40,206
41,256
42,321
43,463
44,299
45,257
46,313
47,289
48,269
49,429
50,116
51,159
52,101
53,156
54,401
55,27
56,368
57,183
58,282
59,124
60,237
61,174
62,168
63,72
64,472
65,392
66,17
67,384
68,190
69,271
70,478
71,279
72,468
73,397
74,207
75,164
76,288
77,499
78,326
79,236
80,124
81,128
82,357
83,287
84,68
85,371
86,458
87,31
88,283
89,304
90,497
91,140
92,170
93,147
94,86
95,170
96,152
97,176
98,152
99,358
100,163
101,77
102,431
103,347
104,55
105,52
106,304
107,375
108,380
109,152
110,479
111,251
112,53
113,276
114,48
115,270
116,252
117,104
118,317
119,90
120,314
121,338
122,430
123,352
124,392
125,297
126,457
127,410
128,76
129,412
130,448
131,391
132,344
133,278
134,95
135,158
136,394
137,65
138,181
139,24
140,267
141,478
142,467
143,23
144,70
145,485
146,488
147,67
148,357
149,498
150,485
151,331
152,341
153,194
154,231
155,197
156,421
157,439
158,316
159,356
160,113
161,178
162,296
163,295
164,303
165,329
166,328
167,351
168,125
169,137
170,37
171,68
172,174
173,236
174,456
175,15
176,300
177,461
178,463
179,40
180,357
181,198
182,291
183,433
184,176
185,39
186,222
187,39
188,82
189,469
190,101
191,288
192,236
193,99
194,53
195,278
196,182
197,288
198,305
199,207
200,118
201,141
202,77
203,281
204,264
205,452
206,397
207,112
208,141
209,169
210,239
211,393
212,112
213,227
214,267
215,100
216,290
217,439
218,200
219,92
220,140
221,361
222,388
223,69
224,209
225,227
226,54
227,193
228,453
229,43
230,267
231,328
232,116
233,213
234,106
235,308
236,316
237,135
238,487
239,185
240,383
241,468
242,282
243,281
244,221
245,451
246,407
247,147
248,227
249,446
250,298
251,497
252,410
253,180
254,26
255,324
256,308
257,356
258,51
259,146
260,275
261,346
262,184
263,350
264,339
265,467
266,396
267,127
268,252
269,82
270,160
271,35
272,465
273,405
274,205
275,68
276,292
277,119
278,281
279,212
280,173
281,208
282,453
283,374
284,136
285,313
286,37
287,271
288,353
289,173
290,124
291,350
292,385
293,498
294,346
295,63
296,205
297,465
298,105
299,29
300,468
301,410
302,271
303,298
304,66
305,41
306,199
307,93
308,282
309,336
310,136
311,216
312,147
313,144
314,75
315,122
316,413
317,414
318,67
319,249
320,462
321,162
322,146
323,326
324,395
325,335
326,205
327,88
328,22
329,152
330,252
331,406
332,153
333,367
334,68
335,54
336,250
337,300
338,94
339,472
340,175
341,398
342,72
343,395
344,168
345,268
346,46
347,471
348,109
349,409
350,283
351,21
352,395
353,455
354,335
355,371
356,115
357,168
358,228
359,399
360,38
361,151
362,218
363,250
364,228
365,499
366,234
367,240
368,390
369,398
370,29
371,289
372,461
373,174
374,480
375,36
376,380
377,149
378,119
379,43
380,78
381,147
382,250
383,424
384,293
385,496
386,396
387,232
388,335
389,23
390,153
391,219
392,380
393,206
394,453
395,48
396,55
397,254
398,74
399,174
400,244
401,307
402,444
403,337
404,229
405,210
406,300
407,389
408,434
409,351
410,426
411,152
412,350
413,226
414,317
415,284
416,124
417,174
418,425
419,463
420,427
421,80
422,456
423,124
424,195
425,276
426,423
427,18
428,395
429,212
430,197
431,185
432,33
433,337
434,95
435,270
436,34
437,345
438,269
439,403
440,137
441,313
442,81
443,387
444,278
445,318
446,349
447,271
448,269
449,272
450,69
451,239
452,275
453,498
454,309
455,340
456,240
457,427
458,275
459,17
460,411
461,376
462,179
463,69
464,75
465,127
466,226
467,234
468,374
469,80
470,121
471,317
472,127
473,88
474,167
475,381
476,173
477,238
478,369
479,26
480,219
481,450
482,365
483,221
484,470
485,196
486,328
487,146
488,111
489,90
490,300
491,412
492,169
493,48
494,262
495,76
496,316
497,307
498,47
499,335
500,308
501,212
502,19
503,306
504,44
505,32
506,313
507,34
508,96
509,273
510,195
511,236
512,433
513,378
514,195
515,438
516,424
517,316
518,345
519,485
520,376
521,113
522,292
523,460
524,354
525,488
526,389
527,59
528,345
529,83
530,20
531,266
532,213
533,419
534,368
535,361
536,451
537,217
538,42
539,372
540,253
541,358
542,430
543,357
544,238
545,131
546,269
547,325
548,406
549,248
550,112
551,417
552,234
553,73
554,124
555,336
556,271
557,317
558,301
559,287
560,110
561,198
562,250
563,279
564,17
565,15
566,450
567,407
568,433
569,341
570,229
571,462
572,234
573,101
574,468
575,18
576,27
577,85
578,150
579,402
580,202
581,362
582,155
583,377
584,113
585,239
586,289
587,210
588,160
589,331
590,410
591,196
592,474
593,272
594,389
595,49
596,129
597,317
598,442
599,75
600,102
601,136
602,194
603,478
604,81
605,409
606,406
607,119
608,417
609,26
610,105
611,32
612,353
613,107
614,116
615,51
616,383
617,118
618,293
619,231
620,420
621,414
622,56
623,424
624,258
625,171
626,471
627,116
628,265
629,194
630,473
631,74
632,356
633,414
634,417
635,401
636,116
637,463
638,342
639,477
640,495
641,50
642,498
643,132
644,209
645,180
646,447
647,163
648,101
649,333
650,108
651,415
652,91
653,220
654,470
655,285
656,371
657,343
658,273
659,285
660,410
661,369
662,395
663,436
664,240
665,457
666,462
667,404
668,74
669,29
670,112
671,319
672,374
673,35
674,397
675,138
676,94
677,162
678,464
679,478
680,135
681,196
682,163
683,19
684,69
685,322
686,229
687,39
688,333
689,479
690,444
691,456
692,498
693,44
694,441
695,175
696,33
697,249
698,286
699,384
700,289
701,144
702,442
703,140
704,224
705,38
706,36
707,492
708,262
709,60
710,338
711,484
712,20
713,238
714,307
715,63
716,423
717,315
718,317
719,371
720,183
721,449
722,367
723,99
724,291
725,334
726,98
727,183
728,70
729,200
730,66
731,291
732,175
733,457
734,486
735,432
736,92
737,51
738,23
739,439
740,389
741,192
742,47
743,186
744,204
745,297
746,403
747,200
748,219
749,39
750,337
751,341
752,158
753,72
754,265
755,456
756,323
757,318
758,105
759,155
760,41
761,34
762,400
763,103
764,425
765,99
766,265
767,112
768,448
769,17
770,489
771,45
772,424
773,484
774,149
775,145
776,328
777,145
778,43
779,113
780,96
781,345
782,181
783,216
784,367
785,68
786,206
787,302
788,325
789,78
790,130
791,283
792,60
793,166
794,317
795,489
796,15
797,146
798,49
799,492
800,411
801,318
802,447
803,381
804,261
805,424
806,227
807,76
808,495
809,158
810,249
811,454
812,481
813,172
814,412
815,398
816,131
817,169
818,294
819,68
820,40
821,298
822,388
823,37
824,161
825,329
826,289
827,159
828,438
829,309
830,112
831,421
832,25
833,324
834,427
835,363
836,120
837,45
838,83
839,113
840,47
841,395
842,313
843,226
844,310
845,156
846,469
847,358
848,61
849,451
850,434
851,73
852,374
853,297
854,233
855,240
856,378
857,425
858,207
859,352
860,424
861,361
862,275
863,82
864,477
865,452
866,52
867,341
868,285
869,66
870,171
871,103
872,205
873,224
874,96
875,123
876,426
877,292
878,200
879,357
880,176
881,45
882,272
883,181
884,440
885,474
886,430
887,204
888,294
889,356
890,233
891,392
892,201
893,374
894,114
895,72
896,214
897,407
898,107
899,465
900,25
901,165
902,193
903,20
904,492
905,498
906,66
907,76
908,260
909,68
910,231
911,97
912,33
913,40
914,23
915,280
916,401
917,449
918,160
919,436
920,60
921,341
922,152
923,281
924,156
925,468
926,481
927,401
928,225
929,413
930,143
931,420
932,434
933,126
934,223
935,489
936,132
937,170
938,472
939,97
940,20
941,48
942,349
943,120
944,358
945,181
946,279
947,471
948,66
949,460
950,282
951,282
952,430
953,198
954,201
955,371
956,62
957,221
958,262
959,197
960,48
961,391
962,301
963,247
964,90
965,169
966,401
967,210
968,377
969,131
970,115
971,75
972,79
973,259
974,329
975,343
976,316
977,393
978,65
979,67
980,102
981,251
982,36
983,104
984,390
985,79
986,293
987,316
988,141
989,55
990,328
991,401
992,478
993,311
994,357
995,114
996,89
997,260
998,177
999,42
1000,256
1001,459
1002,317
1003,157
1004,361
1005,487
1006,289
1007,273
1008,58
1009,428
1010,228
1011,425
1012,277
1013,257
1014,264
1015,442
1016,341
1017,267
1018,220
1019,424
1020,347
1021,270
1022,472
1023,131
1024,276
1025,25
1026,251
1027,86
1028,131
1029,486
1030,191
1031,24
1032,153
1033,235
1034,434
1035,324
1036,94
1037,200
1038,382
1039,387
1040,185
1041,417
1042,75
1043,44
1044,318
1045,125
1046,423
1047,53
1048,166
1049,154
1050,172
1051,214
1052,287
1053,66
1054,455
1055,131
1056,210
1057,278
1058,138
1059,233
1060,171
1061,165
1062,243
1063,51
1064,170
1065,427
1066,422
1067,65
1068,273
1069,470
1070,66
1071,122
1072,21
1073,213
1074,436
1075,214
1076,240
1077,172
1078,447
1079,358
1080,156
1081,266
1082,454
1083,480
1084,189
1085,412
1086,293
1087,445
1088,73
1089,32
1090,359
1091,106
1092,459
1093,307
1094,193
1095,87
1096,400
1097,31
1098,379
1099,172
1100,372
1101,238
1102,474
1103,60
1104,470
1105,228
1106,456
1107,350
1108,60
1109,126
1110,59
1111,238
1112,133
1113,296
1114,414
1115,470
1116,72
1117,323
1118,468
1119,433
1120,53
1121,421
1122,175
1123,256
1124,348
1125,346
1126,105
1127,214
1128,334
1129,180
1130,334
1131,35
1132,186
1133,208
1134,45
1135,464
1136,198
1137,214
1138,77
1139,206
1140,407
1141,484
1142,244
1143,432
1144,429
1145,41
1146,263
1147,231
1148,378
1149,309
1150,345
1151,466
1152,382
1153,207
1154,224
1155,331
1156,437
1157,455
1158,50
1159,139
1160,262
1161,307
1162,240
1163,488
1164,462
1165,409
1166,176
1167,379
1168,73
1169,53
1170,51
1171,472
1172,176
1173,448
1174,487
1175,263
1176,328
1177,372
1178,24
1179,171
1180,184
1181,19
1182,296
1183,258
1184,204
1185,283
1186,255
1187,172
1188,452
1189,103
1190,240
1191,52
1192,70
1193,253
1194,189
1195,308
1196,171
1197,484
1198,339
1199,474
1200,364
1201,461
1202,357
1203,131
1204,54
1205,386
1206,82
1207,160
1208,169
1209,316
1210,204
1211,241
1212,66
1213,202
1214,286
1215,30
1216,376
1217,263
1218,21
1219,423
1220,212
1221,268
1222,196
1223,272
1224,423
1225,407
1226,88
1227,430
1228,340
1229,222
1230,468
1231,239
1232,306
1233,478
1234,303
1235,106
1236,190
1237,286
1238,220
1239,230
1240,18
1241,279
1242,230
1243,207
1244,367
1245,204
1246,206
1247,404
1248,319
1249,120
1250,244
1251,17
1252,498
1253,401
1254,154
1255,381
1256,356
1257,155
1258,481
1259,389
1260,330
1261,425
1262,367
1263,128
1264,402
1265,91
1266,418
1267,198
1268,258
1269,388
1270,246
1271,448
1272,175
1273,186
1274,171
1275,402
1276,249
1277,249
1278,402
1279,111
1280,312
1281,265
1282,32
1283,360
1284,234
1285,239
1286,435
1287,381
1288,482
1289,359
1290,469
1291,310
1292,317
1293,30
1294,333
1295,485
1296,57
1297,162
1298,480
1299,379
1300,121
1301,29
1302,173
1303,192
1304,356
1305,29
1306,147
1307,399
1308,341
1309,262
1310,70
1311,464
1312,21
1313,59
1314,162
1315,51
1316,420
1317,210
1318,165
1319,449
1320,330
1321,32
1322,192
1323,467
1324,132
1325,361
1326,219
1327,421
1328,66
1329,221
1330,275
1331,185
1332,158
1333,80
1334,321
1335,40
1336,327
1337,219
1338,153
1339,271
1340,377
1341,93
1342,163
1343,174
1344,120
1345,228
1346,82
1347,405
1348,280
1349,208
1350,180
1351,199
1352,246
1353,72
1354,58
1355,475
1356,391
1357,269
1358,130
1359,489
1360,323
1361,344
1362,325
1363,20
1364,249
1365,240
1366,57
1367,490
1368,350
1369,15
1370,118
1371,191
1372,451
1373,80
1374,445
1375,220
1376,58
1377,78
1378,184
1379,303
1380,226
1381,321
1382,279
1383,239
1384,158
1385,121
1386,459
1387,241
1388,105
1389,244
1390,71
1391,208
1392,474
1393,49
1394,60
1395,124
1396,452
1397,143
1398,99
1399,52
1400,391
1401,217
1402,319
1403,132
1404,52
1405,463
1406,208
1407,432
1408,194
1409,314
1410,392
1411,123
1412,395
1413,264
1414,377
1415,470
1416,398
1417,39
1418,481
1419,481
1420,432
1421,388
1422,384
1423,22
1424,92
1425,287
1426,141
1427,351
1428,261
1429,41
1430,304
1431,370
1432,345
1433,319
1434,76
1435,372
1436,475
1437,328
1438,93
1439,285
1440,140
1441,131
1442,436
1443,246
1444,275
1445,297
1446,256
1447,17
1448,341
1449,353
1450,294
1451,35
1452,201
1453,371
1454,216
1455,348
1456,131
1457,213
1458,372
1459,330
1460,229
1461,270
1462,164
1463,434
1464,322
1465,66
1466,241
1467,174
1468,356
1469,390
1470,461
1471,305
1472,393
1473,489
1474,243
1475,246
1476,441
1477,226
1478,431
1479,357
1480,62
1481,270
1482,444
1483,296
1484,465
1485,434
1486,126
1487,164
1488,413
1489,33
1490,455
1491,61
1492,58
1493,424
1494,200
1495,280
1496,351
1497,163
1498,93
1499,161
1500,323
1501,145
1502,254
1503,223
1504,470
1505,292
1506,211
1507,252
1508,239
1509,370
1510,260
1511,449
1512,97
1513,355
1514,322
1515,141
1516,442
1517,405
1518,469
1519,66
1520,448
1521,356
1522,432
1523,104
1524,237
1525,427
1526,216
1527,413
1528,278
1529,110
1530,278
1531,461
1532,36
1533,58
1534,25
1535,162
1536,331
1537,398
1538,257
1539,166
1540,255
1541,118
1542,489
1543,286
1544,458
1545,477
1546,334
1547,116
1548,381
1549,473
1550,241
1551,74
1552,497
1553,428
1554,114
1555,103
1556,410
1557,294
1558,452
1559,336
1560,229
1561,243
1562,352
1563,286
1564,422
1565,179
1566,284
1567,189
1568,498
1569,42
1570,128
1571,290
1572,107
1573,216
1574,119
1575,203
1576,162
1577,341
1578,152
1579,490
1580,166
1581,164
1582,55
1583,73
1584,191
1585,261
1586,280
1587,374
1588,305
1589,360
1590,289
1591,321
1592,74
1593,53
1594,465
1595,249
1596,486
1597,383
1598,439
1599,383
1600,411
1601,139
1602,309
1603,334
1604,171
1605,259
1606,243
1607,434
1608,479
1609,36
1610,149
1611,374
1612,129
1613,497
1614,210
1615,279
1616,253
1617,105
1618,59
1619,52
1620,279
1621,91
1622,275
1623,145
1624,134
1625,338
1626,431
1627,314
1628,47
1629,276
1630,473
1631,339
1632,269
1633,131
1634,272
1635,207
1636,333
1637,220
1638,311
1639,402
1640,87
1641,401
1642,48
1643,300
1644,91
1645,324
1646,422
1647,440
1648,110
1649,86
1650,426
1651,191
1652,320
1653,54
1654,140
1655,88
1656,387
1657,459
1658,169
1659,360
1660,179
1661,407
1662,103
1663,86
1664,92
1665,105
1666,356
1667,386
1668,172
1669,33
1670,333
1671,202
1672,123
1673,328
1674,327
1675,364
1676,23
1677,265
1678,32
1679,480
1680,218
1681,73
1682,379
1683,486
1684,477
1685,276
1686,450
1687,464
1688,84
1689,432
1690,314
1691,287
1692,28
1693,399
1694,92
1695,208
1696,37
1697,131
1698,245
1699,267
1700,396
1701,498
1702,18
1703,380
1704,225
1705,344
1706,468
1707,94
1708,336
1709,322
1710,391
1711,483
1712,412
1713,319
1714,150
1715,178
1716,27
1717,405
1718,273
1719,170
1720,154
1721,154
1722,416
1723,275
1724,459
1725,449
1726,57
1727,294
1728,320
1729,170
1730,319
1731,257
1732,262
1733,241
1734,213
1735,416
1736,215
1737,151
1738,406
1739,148
1740,53
1741,329
1742,274
1743,303
1744,206
1745,317
1746,178
1747,401
1748,74
1749,49
1750,446
1751,16
1752,161
1753,364
1754,361
1755,101
1756,144
1757,210
1758,205
1759,352
1760,452
1761,206
1762,396
1763,417
1764,214
1765,241
1766,375
1767,437
1768,94
1769,201
1770,236
1771,431
1772,94
1773,171
1774,202
1775,465
1776,281
1777,462
1778,345
1779,375
1780,206
1781,29
1782,285
1783,418
1784,475
1785,182
1786,229
1787,366
1788,47
1789,484
1790,244
1791,496
1792,200
1793,395
1794,34
1795,294
1796,312
1797,431
1798,428
1799,455
1800,432
1801,224
1802,79
1803,447
1804,456
1805,403
1806,230
1807,35
1808,342
1809,74
1810,493
1811,140
1812,188
1813,112
1814,301
1815,468
1816,486
1817,146
1818,232
1819,31
1820,21
1821,125
1822,270
1823,264
1824,346
1825,476
1826,392
1827,365
1828,94
1829,219
1830,428
1831,356
1832,312
1833,366
1834,277
1835,267
1836,394
1837,381
1838,302
1839,157
1840,487
1841,431
1842,423
1843,456
1844,344
1845,261
1846,147
1847,61
1848,122
1849,232
1850,240
1851,61
1852,240
1853,295
1854,400
1855,122
1856,60
1857,280
1858,245
1859,111
1860,337
1861,351
1862,384
1863,219
1864,438
1865,55
1866,49
1867,44
1868,386
1869,352
1870,197
1871,486
1872,254
1873,163
1874,270
1875,85
1876,128
1877,435
1878,100
1879,498
1880,102
1881,201
1882,94
1883,128
1884,258
1885,269
1886,152
1887,204
1888,450
1889,100
1890,194
1891,490
1892,419
1893,284
1894,221
1895,369
1896,398
1897,313
1898,274
1899,30
1900,58
1901,243
1902,370
1903,462
1904,109
1905,414
1906,107
1907,100
1908,34
1909,67
1910,402
1911,464
1912,499
1913,92
1914,488
1915,484
1916,425
1917,495
1918,23
1919,490
1920,281
1921,44
1922,162
1923,232
1924,440
1925,24
1926,141
1927,163
1928,280
1929,453
1930,19
1931,496
1932,414
1933,479
1934,172
1935,373
1936,378
1937,267
1938,365
1939,49
1940,168
1941,367
1942,275
1943,76
1944,330
1945,106
1946,286
1947,127
1948,138
1949,217
1950,475
1951,437
1952,296
1953,234
1954,395
1955,135
1956,53
1957,404
1958,294
1959,269
1960,154
1961,129
1962,169
1963,180
1964,363
1965,343
1966,25
1967,73
1968,102
1969,262
1970,248
1971,66
1972,102
1973,130
1974,230
1975,373
1976,94
1977,142
1978,128
1979,466
1980,340
1981,322
1982,381
1983,21
1984,207
1985,198
1986,242
1987,170
1988,336
1989,146
1990,78
1991,184
1992,480
1993,38
1994,284
1995,88
1996,175
1997,81
1998,381
1999,100
2000,396
2001,273
2002,464
2003,34
2004,69
2005,152
2006,154
2007,401
2008,268
2009,106
2010,418
2011,441
2012,84
2013,143
2014,337
2015,297
2016,148
2017,390
2018,36
2019,463
2020,401
2021,449
2022,338
2023,327
2024,58
2025,441
2026,348
2027,146
2028,212
2029,304
2030,327
2031,293
2032,469
2033,51
2034,228
2035,315
2036,235
2037,100
2038,464
2039,497
2040,391
2041,54
2042,260
2043,339
2044,110
2045,65
2046,451
2047,392
2048,59
2049,396
2050,244
2051,426
2052,36
2053,178
2054,212
2055,220
2056,361
2057,346
2058,431
2059,331
2060,401
2061,473
2062,37
2063,284
2064,309
2065,282
2066,147
2067,297
2068,469
2069,435
2070,104
2071,328
2072,146
2073,451
2074,199
2075,74
2076,208
2077,244
2078,337
2079,317
2080,403
2081,418
2082,462
2083,453
2084,319
2085,268
2086,189
2087,41
2088,113
2089,355
2090,200
2091,272
2092,26
2093,141
2094,257
2095,319
2096,222
2097,280
2098,129
2099,84
2100,142
2101,197
2102,303
2103,76
2104,334
2105,154
2106,450
2107,211
2108,313
2109,160
2110,141
2111,387
2112,267
2113,417
2114,462
2115,488
2116,367
2117,281
2118,313
2119,55
2120,370
2121,352
2122,203
2123,210
2124,470
2125,54
2126,395
2127,41
2128,80
2129,192
2130,373
2131,484
2132,94
2133,34
2134,162
2135,304
2136,71
2137,459
2138,399
2139,180
2140,220
2141,453
2142,93
2143,312
2144,499
2145,108
2146,478
2147,254
2148,21
2149,138
2150,70
2151,54
2152,65
2153,416
2154,402
2155,53
2156,379
2157,195
2158,382
2159,496
2160,359
2161,286
2162,132
2163,38
2164,114
2165,432
2166,285
2167,305
2168,93
2169,333
2170,239
2171,121
2172,329
2173,235
2174,448
2175,192
2176,431
2177,294
2178,443
2179,28
2180,406
2181,30
2182,140
2183,307
2184,138
2185,39
2186,191
2187,476
2188,214
2189,363
2190,478
2191,107
2192,281
2193,422
2194,325
2195,91
2196,337
2197,129
2198,41
2199,343
2200,439
2201,75
2202,127
2203,291
2204,411
2205,343
2206,174
2207,187
2208,428
2209,396
2210,452
2211,151
2212,436
2213,192
2214,148
2215,218
2216,328
2217,83
2218,298
2219,88
2220,392
2221,401
2222,96
2223,118
2224,410
2225,62
2226,209
2227,19
2228,31
2229,155
2230,434
2231,251
2232,494
2233,467
2234,482
2235,346
2236,485
2237,324
2238,491
2239,141
2240,257
2241,21
2242,80
2243,225
2244,296
2245,400
2246,335
2247,57
2248,154
2249,269
2250,216
2251,75
2252,406
2253,359
2254,22
2255,162
2256,359
2257,476
2258,202
2259,83
2260,193
2261,351
2262,344
2263,68
2264,236
2265,289
2266,20
2267,70
2268,80
2269,489
2270,383
2271,159
2272,267
2273,157
2274,131
2275,126
2276,147
2277,342
2278,27
2279,346
2280,58
2281,48
2282,175
2283,218
2284,472
2285,379
2286,391
2287,101
2288,457
2289,390
2290,188
2291,164
2292,243
2293,263
2294,405
2295,223
2296,442
2297,466
2298,267
2299,42
2300,393
2301,362
2302,223
2303,159
2304,152
2305,115
2306,292
2307,90
2308,305
2309,277
2310,325
2311,362
2312,326
2313,324
2314,266
2315,351
2316,318
2317,388
2318,306
2319,262
2320,251
2321,407
2322,242
2323,216
2324,37
2325,250
2326,139
2327,109
2328,185
2329,215
2330,30
2331,65
2332,340
2333,156
2334,351
2335,231
2336,89
2337,173
2338,327
2339,368
2340,53
2341,179
2342,127
2343,247
2344,248
2345,192
2346,472
2347,189
2348,380
2349,153
2350,493
2351,268
2352,96
2353,347
2354,124
2355,278
2356,37
2357,60
2358,254
2359,296
2360,451
2361,197
2362,377
2363,466
2364,478
2365,201
2366,161
2367,378
2368,64
2369,136
2370,246
2371,481
2372,73
2373,268
2374,195
2375,51
2376,76
2377,78
2378,16
2379,406
2380,23
2381,145
2382,86
2383,80
2384,232
2385,309
2386,190
2387,41
2388,140
2389,364
2390,53
2391,187
2392,407
2393,129
2394,200
2395,108
2396,190
2397,135
2398,318
2399,220
2400,43
2401,94
2402,186
2403,52
2404,265
2405,221
2406,492
2407,282
2408,297
2409,301
2410,89
2411,290
2412,106
2413,362
2414,220
2415,153
2416,164
2417,264
2418,266
2419,208
2420,363
2421,458
2422,301
2423,405
2424,267
2425,236
2426,55
2427,468
2428,72
2429,337
2430,173
2431,489
2432,71
2433,331
2434,385
2435,383
2436,411
2437,142
2438,45
2439,316
2440,177
2441,117
2442,203
2443,335
2444,134
2445,172
2446,149
2447,317
2448,422
2449,157
2450,351
2451,180
2452,218
2453,212
2454,226
2455,209
2456,258
2457,224
2458,185
2459,323
2460,80
2461,284
2462,208
2463,462
2464,155
2465,308
2466,37
2467,403
2468,357
2469,427
2470,365
2471,143
2472,426
2473,357
2474,166
2475,88
2476,19
2477,101
2478,334
2479,381
2480,115
2481,308
2482,212
2483,34
2484,122
2485,74
2486,40
2487,369
2488,178
2489,459
2490,62
2491,281
2492,37
2493,295
2494,374
2495,353
2496,221
2497,124
2498,173
2499,352
2500,223
2501,356
2502,102
2503,171
2504,18
2505,68
2506,82
2507,411
2508,400
2509,441
2510,103
2511,123
2512,37
2513,300
2514,320
2515,496
2516,35
2517,375
2518,74
2519,291
2520,223
2521,50
2522,401
2523,33
2524,77
2525,94
2526,43
2527,410
2528,164
2529,368
2530,281
2531,395
2532,180
2533,264
2534,229
2535,15
2536,136
2537,436
2538,417
2539,191
2540,419
2541,262
2542,297
2543,448
2544,260
2545,478
2546,393
2547,494
2548,147
2549,404
2550,328
2551,166
2552,183
2553,473
2554,161
2555,462
2556,489
2557,379
2558,303
2559,389
2560,212
2561,252
2562,20
2563,109
2564,445
2565,286
2566,331
2567,335
2568,390
2569,453
2570,432
2571,103
2572,328
2573,491
2574,301
2575,235
2576,475
2577,418
2578,343
2579,96
2580,24
2581,363
2582,296
2583,323
2584,171
2585,156
2586,165
2587,339
2588,339
2589,277
2590,45
2591,133
2592,236
2593,23
2594,250
2595,486
2596,137
2597,123
2598,416
2599,209
2600,248
2601,169
2602,368
2603,253
2604,287
2605,299
2606,70
2607,303
2608,237
2609,451
2610,279
2611,39
2612,373
2613,323
2614,380
2615,44
2616,490
2617,419
2618,441
2619,403
2620,52
2621,267
2622,197
2623,253
2624,162
2625,310
2626,464
2627,345
2628,269
2629,226
2630,369
2631,499
2632,138
2633,73
2634,247
2635,71
2636,124
2637,231
2638,61
2639,372
2640,492
2641,60
2642,303
2643,287
2644,377
2645,271
2646,367
2647,248
2648,441
2649,215
2650,170
2651,91
2652,395
2653,210
2654,422
2655,481
2656,396
2657,138
2658,77
2659,373
2660,348
2661,387
2662,47
2663,67
2664,429
2665,25
2666,411
2667,162
2668,447
2669,330
2670,392
2671,192
2672,319
2673,308
2674,443
2675,103
2676,17
2677,271
2678,326
2679,206
2680,33
2681,23
2682,130
2683,268
2684,394
2685,227
2686,157
2687,346
2688,364
2689,159
2690,300
2691,360
2692,235
2693,29
2694,304
2695,153
2696,45
2697,296
2698,291
2699,425
2700,485
2701,402
2702,407
2703,408
2704,332
2705,187
2706,493
2707,74
2708,158
2709,284
2710,107
2711,453
2712,189
2713,403
2714,468
2715,45
2716,134
2717,122
2718,182
2719,221
2720,485
2721,61
2722,217
2723,67
2724,476
2725,259
2726,307
2727,36
2728,407
2729,296
2730,326
2731,49
2732,130
2733,317
2734,397
2735,173
2736,197
2737,234
2738,331
2739,238
2740,149
2741,247
2742,299
2743,277
2744,485
2745,361
2746,481
2747,93
2748,57
2749,60
2750,76
2751,67
2752,304
2753,351
2754,165
2755,99
2756,127
2757,198
2758,61
2759,402
2760,442
2761,489
2762,435
2763,283
2764,63
2765,175
2766,139
2767,17
2768,115
2769,175
2770,441
2771,222
2772,138
2773,259
2774,374
2775,90
2776,449
2777,446
2778,42
2779,104
2780,235
2781,281
2782,353
2783,92
2784,62
2785,326
2786,194
2787,442
2788,287
2789,465
2790,426
2791,203
2792,156
2793,137
2794,62
2795,244
2796,168
2797,354
2798,430
2799,249
2800,273
2801,273
2802,247
2803,51
2804,114
2805,373
2806,294
2807,97
2808,368
2809,125
2810,373
2811,493
2812,364
2813,322
2814,243
2815,206
2816,143
2817,206
2818,95
2819,412
2820,171
2821,419
2822,128
2823,142
2824,446
2825,432
2826,213
2827,69
2828,204
2829,194
2830,282
2831,185
2832,208
2833,18
2834,207
2835,287
2836,199
2837,331
2838,388
2839,316
2840,159
2841,28
2842,472
2843,40
2844,461
2845,32
2846,263
2847,454
2848,140
2849,22
2850,119
2851,271
2852,97
2853,195
2854,103
2855,32
2856,121
2857,34
2858,186
2859,483
2860,214
2861,266
2862,204
2863,307
2864,399
2865,297
2866,232
2867,71
2868,258
2869,109
2870,212
2871,31
2872,328
2873,351
2874,441
2875,436
2876,349
2877,477
2878,262
2879,419
2880,196
2881,186
2882,33
2883,198
2884,497
2885,449
2886,302
2887,310
2888,103
2889,288
2890,144
2891,415
2892,286
2893,358
2894,220
2895,495
2896,119
2897,164
2898,103
2899,323
2900,322
2901,495
2902,367
2903,73
2904,159
2905,311
2906,135
2907,295
2908,192
2909,198
2910,48
2911,275
2912,320
2913,471
2914,33
2915,194
2916,54
2917,59
2918,191
2919,359
2920,40
2921,201
2922,326
2923,258
2924,199
2925,170
2926,196
2927,431
2928,485
2929,189
2930,267
2931,380
2932,163
2933,463
2934,405
2935,307
2936,497
2937,16
2938,220
2939,427
2940,58
2941,199
2942,91
2943,100
2944,443
2945,109
2946,413
2947,411
2948,480
2949,384
2950,175
2951,455
2952,447
2953,89
2954,158
2955,84
2956,285
2957,293
2958,221
2959,488
2960,453
2961,187
2962,412
2963,330
2964,103
2965,16
2966,426
2967,491
2968,252
2969,34
2970,470
2971,70
2972,363
2973,338
2974,447
2975,204
2976,482
2977,309
2978,258
2979,226
2980,357
2981,155
2982,280
2983,290
2984,58
2985,314
2986,393
2987,74
2988,420
2989,476
2990,243
2991,245
2992,39
2993,270
2994,217
2995,451
2996,114
2997,385
2998,41
2999,108
3000,438
3001,345
3002,344
3003,71
3004,459
3005,115
3006,308
3007,251
3008,139
3009,209
3010,68
3011,326
3012,391
3013,355
3014,131
3015,439
3016,296
3017,400
3018,35
3019,462
3020,356
3021,133
3022,127
3023,143
3024,482
3025,141
3026,246
3027,417
3028,485
3029,174
3030,116
3031,276
3032,305
3033,360
3034,74
3035,287
3036,441
3037,190
3038,108
3039,96
3040,330
3041,461
3042,117
3043,393
3044,295
3045,332
3046,412
3047,447
3048,462
3049,62
3050,79
3051,426
3052,17
3053,474
3054,35
3055,358
3056,73
3057,207
3058,457
3059,75
3060,120
3061,270
3062,359
3063,382
3064,289
3065,253
3066,447
3067,105
3068,44
3069,86
3070,251
3071,375
3072,210
3073,376
3074,233
3075,461
3076,395
3077,210
3078,267
3079,410
3080,195
3081,431
3082,119
3083,353
3084,340
3085,399
3086,86
3087,311
3088,287
3089,416
3090,15
3091,401
3092,355
3093,464
3094,356
3095,294
3096,196
3097,36
3098,233
3099,468
3100,393
3101,351
3102,392
3103,408
3104,95
3105,355
3106,91
3107,442
3108,370
3109,29
3110,349
3111,296
3112,360
3113,148
3114,92
3115,16
3116,187
3117,93
3118,337
3119,436
3120,345
3121,412
3122,193
3123,353
3124,309
3125,80
3126,201
3127,92
3128,374
3129,239
3130,452
3131,231
3132,365
3133,136
3134,222
3135,92
3136,485
3137,359
3138,219
3139,351
3140,204
3141,320
3142,62
3143,494
3144,250
3145,36
3146,304
3147,57
3148,298
3149,50
3150,395
3151,126
3152,167
3153,438
3154,343
3155,477
3156,423
3157,380
3158,404
3159,319
3160,448
3161,30
3162,305
3163,263
3164,378
3165,449
3166,157
3167,358
3168,322
3169,198
3170,190
3171,205
3172,21
3173,433
3174,389
3175,192
3176,252
3177,308
3178,441
3179,447
3180,38
3181,186
3182,342
3183,126
3184,145
3185,52
3186,301
3187,236
3188,449
3189,194
3190,80
3191,192
3192,453
3193,268
3194,455
3195,218
3196,206
3197,159
3198,280
3199,220
3200,36
3201,381
3202,393
3203,184
3204,454
3205,226
3206,259
3207,490
3208,176
3209,403
3210,44
3211,262
3212,317
3213,492
3214,116
3215,300
3216,209
3217,192
3218,315
3219,446
3220,482
3221,261
3222,273
3223,469
3224,56
3225,196
3226,79
3227,183
3228,475
3229,75
3230,435
3231,197
3232,33
3233,322
3234,222
3235,206
3236,458
3237,468
3238,265
3239,187
3240,75
3241,175
3242,317
3243,252
3244,369
3245,436
3246,399
3247,281
3248,185
3249,205
3250,179
3251,222
3252,176
3253,72
3254,201
3255,236
3256,311
3257,243
3258,338
3259,332
3260,189
3261,410
3262,399
3263,193
3264,413
3265,481
3266,485
3267,122
3268,47
3269,52
3270,64
3271,246
3272,396
3273,252
3274,387
3275,488
3276,471
3277,457
3278,379
3279,309
3280,363
3281,307
3282,422
3283,494
3284,93
3285,92
3286,447
3287,459
3288,283
3289,70
3290,486
3291,373
3292,327
3293,15
3294,193
3295,368
3296,336
3297,290
3298,419
3299,349
3300,42
3301,35
3302,377
3303,433
3304,26
3305,485
3306,64
3307,262
3308,458
3309,97
3310,66
3311,332
3312,139
3313,452
3314,427
3315,472
3316,306
3317,240
3318,411
3319,183
3320,170
3321,104
3322,482
3323,86
3324,466
3325,489
3326,389
3327,248
3328,400
3329,325
3330,94
3331,437
3332,23
3333,352
3334,251
3335,278
3336,229
3337,48
3338,148
3339,223
3340,308
3341,409
3342,396
3343,258
3344,124
3345,244
3346,360
3347,335
3348,498
3349,404
3350,342
3351,293
3352,412
3353,476
3354,309
3355,190
3356,309
3357,328
3358,463
3359,213
3360,308
3361,460
3362,428
3363,489
3364,176
3365,170
3366,154
3367,104
3368,364
3369,388
3370,481
3371,496
3372,227
3373,302
3374,356
3375,463
3376,309
3377,337
3378,231
3379,185
3380,344
3381,171
3382,355
3383,147
3384,93
3385,131
3386,72
3387,148
3388,266
3389,406
3390,427
3391,209
3392,456
3393,79
3394,443
3395,346
3396,95
3397,452
3398,414
3399,317
3400,196
3401,334
3402,347
3403,445
3404,374
3405,305
3406,197
3407,426
3408,125
3409,67
3410,499
3411,271
3412,432
3413,25
3414,55
3415,252
3416,320
3417,365
3418,219
3419,323
3420,67
3421,164
3422,400
3423,139
3424,181
3425,165
3426,219
3427,110
3428,455
3429,432
3430,401
3431,105
3432,346
3433,264
3434,168
3435,296
3436,324
3437,106
3438,39
3439,262
3440,338
3441,484
3442,494
3443,475
3444,438
3445,219
3446,298
3447,90
3448,305
3449,448
3450,453
3451,235
3452,398
3453,171
3454,197
3455,325
3456,307
3457,125
3458,130
3459,157
3460,305
3461,49
3462,120
3463,280
3464,237
3465,256
3466,475
3467,111
3468,491
3469,411
3470,277
3471,446
3472,300
3473,396
3474,349
3475,297
3476,41
3477,128
3478,348
3479,347
3480,57
3481,226
3482,15
3483,164
3484,128
3485,166
3486,407
3487,146
3488,464
3489,397
3490,359
3491,481
3492,418
3493,215
3494,89
3495,22
3496,28
3497,83
3498,76
3499,470
3500,93
3501,222
3502,286
3503,376
3504,458
3505,142
3506,182
3507,404
3508,317
3509,174
3510,411
3511,83
3512,341
3513,252
3514,448
3515,317
3516,255
3517,352
3518,359
3519,293
3520,406
3521,86
3522,250
3523,446
3524,358
3525,164
3526,416
3527,192
3528,122
3529,371
3530,189
3531,238
3532,223
3533,406
3534,370
3535,446
3536,482
3537,107
3538,167
3539,289
3540,293
3541,306
3542,320
3543,122
3544,141
3545,16
3546,112
3547,479
3548,49
3549,244
3550,403
3551,270
3552,440
3553,15
3554,336
3555,38
3556,134
3557,425
3558,495
3559,233
3560,417
3561,153
3562,432
3563,304
3564,490
3565,106
3566,231
3567,233
3568,301
3569,91
3570,221
3571,54
3572,123
3573,22
3574,384
3575,65
3576,130
3577,449
3578,385
3579,134
3580,432
3581,124
3582,123
3583,356
3584,356
3585,229
3586,213
3587,325
3588,28
3589,313
3590,339
3591,423
3592,399
3593,186
3594,433
3595,29
3596,192
3597,474
3598,267
3599,352
3600,275
3601,382
3602,211
3603,76
3604,303
3605,104
3606,399
3607,461
3608,368
3609,453
3610,454
3611,457
3612,31
3613,449
3614,356
3615,389
3616,112
3617,338
3618,481
3619,224
3620,125
3621,155
3622,444
3623,484
3624,154
3625,86
3626,135
3627,497
3628,477
3629,354
3630,279
3631,42
3632,53
3633,466
3634,46
3635,223
3636,427
3637,229
3638,291
3639,67
3640,438
3641,428
3642,180
3643,485
3644,343
3645,485
3646,274
3647,396
3648,32
3649,442
3650,72
3651,224
3652,290
3653,337
3654,342
3655,370
3656,445
3657,121
3658,205
3659,151
3660,444
3661,452
3662,86
3663,22
3664,227
3665,310
3666,20
3667,62
3668,334
3669,344
3670,462
3671,295
3672,479
3673,392
3674,342
3675,233
3676,426
3677,286
3678,311
3679,458
3680,379
3681,127
3682,277
3683,415
3684,492
3685,353
3686,279
3687,216
3688,232
3689,480
3690,301
3691,463
3692,270
3693,327
3694,348
3695,498
3696,302
3697,226
3698,320
3699,438
3700,376
3701,63
3702,307
3703,44
3704,205
3705,23
3706,267
3707,149
3708,453
3709,355
3710,17
3711,407
3712,412
3713,409
3714,289
3715,203
3716,338
3717,447
3718,445
3719,476
3720,394
3721,96
3722,448
3723,275
3724,234
3725,60
3726,22
3727,414
3728,312
3729,72
3730,234
3731,233
3732,171
3733,189
3734,177
3735,197
3736,144
3737,200
3738,373
3739,137
3740,278
3741,368
3742,399
3743,21
3744,297
3745,435
3746,176
3747,343
3748,394
3749,381
3750,499
3751,464
3752,299
3753,458
3754,466
3755,182
3756,334
3757,293
3758,279
3759,403
3760,242
3761,187
3762,120
3763,43
3764,475
3765,116
3766,378
3767,37
3768,79
3769,414
3770,121
3771,86
3772,185
3773,367
3774,362
3775,449
3776,187
3777,285
3778,228
3779,37
3780,275
3781,308
3782,143
3783,148
3784,454
3785,414
3786,172
3787,331
3788,329
3789,142
3790,447
3791,265
3792,139
3793,448
3794,297
3795,318
3796,338
3797,143
3798,50
3799,280
3800,362
3801,150
3802,473
3803,195
3804,166
3805,265
3806,238
3807,293
3808,357
3809,311
3810,465
3811,71
3812,376
3813,103
3814,339
3815,74
3816,258
3817,253
3818,331
3819,123
3820,80
3821,108
3822,95
3823,311
3824,185
3825,286
3826,238
3827,166
3828,367
3829,435
3830,158
3831,471
3832,61
3833,207
3834,371
3835,307
3836,359
3837,401
3838,242
3839,483
3840,119
3841,236
3842,401
3843,107
3844,382
3845,370
3846,306
3847,284
3848,92
3849,386
3850,84
3851,41
3852,332
3853,407
3854,149
3855,442
3856,437
3857,460
3858,302
3859,375
3860,288
3861,407
3862,156
3863,162
3864,480
3865,463
3866,452
3867,171
3868,344
3869,26
3870,38
3871,264
3872,421
3873,399
3874,360
3875,195
3876,332
3877,225
3878,464
3879,73
3880,207
3881,179
3882,38
3883,87
3884,232
3885,112
3886,401
3887,231
3888,412
3889,333
3890,150
3891,167
3892,477
3893,251
3894,65
3895,49
3896,83
3897,416
3898,191
3899,25
3900,31
3901,62
3902,304
3903,266
3904,274
3905,140
3906,65
3907,53
3908,19
3909,178
3910,22
3911,82
3912,51
3913,109
3914,42
3915,167
3916,84
3917,307
3918,483
3919,151
3920,144
3921,178
3922,275
3923,45
3924,202
3925,53
3926,480
3927,28
3928,328
3929,191
3930,158
3931,470
3932,312
3933,313
3934,427
3935,278
3936,312
3937,259
3938,390
3939,276
3940,85
3941,415
3942,199
3943,336
3944,300
3945,497
3946,275
3947,177
3948,352
3949,211
3950,169
3951,274
3952,360
3953,316
3954,258
3955,71
3956,259
3957,216
3958,414
3959,332
3960,400
3961,158
3962,81
3963,21
3964,324
3965,139
3966,325
3967,34
3968,129
3969,439
3970,128
3971,109
3972,147
3973,229
3974,291
3975,200
3976,17
3977,97
3978,215
3979,482
3980,295
3981,237
3982,221
3983,420
3984,196
3985,59
3986,470
3987,35
3988,131
3989,174
3990,466
3991,117
3992,139
3993,482
3994,487
3995,435
3996,19
3997,71
3998,363
3999,105
4000,390
4001,138
4002,309
4003,341
4004,495
4005,112
4006,146
4007,342
4008,294
4009,55
4010,246
4011,340
4012,339
4013,144
4014,46
4015,365
4016,157
4017,445
4018,16
4019,198
4020,317
4021,61
4022,202
4023,435
4024,464
4025,238
4026,63
4027,279
4028,109
4029,156
4030,332
4031,433
4032,178
4033,309
4034,402
4035,64
4036,287
4037,140
4038,342
4039,267
4040,352
4041,48
4042,250
4043,200
4044,459
4045,368
4046,53
4047,300
4048,459
4049,411
4050,492
4051,224
4052,481
4053,290
4054,151
4055,305
4056,24
4057,27
4058,147
4059,444
4060,259
4061,51
4062,415
4063,63
4064,400
4065,409
4066,427
4067,370
4068,27
4069,69
4070,22
4071,225
4072,355
4073,414
4074,151
4075,162
4076,433
4077,38
4078,212
4079,42
4080,32
4081,363
4082,127
4083,77
4084,371
4085,158
4086,279
4087,469
4088,287
4089,400
4090,69
4091,166
4092,291
4093,264
4094,372
4095,254
4096,354
4097,380
4098,268
4099,422
4100,370
4101,275
4102,395
4103,221
4104,77
4105,355
4106,274
4107,363
4108,97
4109,466
4110,450
4111,165
4112,439
4113,405
4114,287
4115,244
4116,442
4117,41
4118,181
4119,31
4120,77
4121,357
4122,75
4123,173
4124,174
4125,299
4126,372
4127,251
4128,441
4129,108
4130,128
4131,69
4132,379
4133,344
4134,273
4135,330
4136,269
4137,402
4138,356
4139,288
4140,153
4141,49
4142,44
4143,165
4144,139
4145,231
4146,271
4147,442
4148,462
4149,280
4150,385
4151,310
4152,335
4153,389
4154,173
4155,444
4156,191
4157,20
4158,451
4159,398
4160,211
4161,329
4162,164
4163,398
4164,398
4165,495
4166,168
4167,189
4168,85
4169,355
4170,68
4171,47
4172,415
4173,270
4174,60
4175,363
4176,151
4177,210
4178,262
4179,64
4180,342
4181,429
4182,22
4183,381
4184,277
4185,461
4186,290
4187,426
4188,95
4189,126
4190,109
4191,290
4192,331
4193,304
4194,304
4195,217
4196,168
4197,162
4198,175
4199,407
4200,355
4201,70
4202,209
4203,393
4204,296
4205,404
4206,51
4207,226
4208,100
4209,160
4210,486
4211,415
4212,45
4213,445
4214,295
4215,55
4216,290
4217,33
4218,94
4219,427
4220,287
4221,29
4222,21
4223,243
4224,422
4225,460
4226,80
4227,399
4228,317
4229,386
4230,145
4231,453
4232,483
4233,256
4234,476
4235,305
4236,287
4237,444
4238,328
4239,387
4240,64
4241,269
4242,398
4243,202
4244,224
4245,323
4246,458
4247,136
4248,99
4249,209
4250,44
4251,162
4252,140
4253,449
4254,82
4255,492
4256,169
4257,477
4258,67
4259,115
4260,42
4261,428
4262,138
4263,331
4264,266
4265,137
4266,308
4267,281
4268,197
4269,379
4270,114
4271,65
4272,120
4273,159
4274,189
4275,372
4276,443
4277,465
4278,184
4279,25
4280,371
4281,495
4282,376
4283,47
4284,413
4285,250
4286,218
4287,52
4288,346
4289,467
4290,26
4291,403
4292,98
4293,437
4294,297
4295,261
4296,472
4297,362
4298,141
4299,385
4300,237
4301,58
4302,313
4303,215
4304,248
4305,346
4306,258
4307,406
4308,262
4309,187
4310,66
4311,413
4312,220
4313,46
4314,76
4315,458
4316,488
4317,458
4318,117
4319,472
4320,226
4321,100
4322,366
4323,285
4324,344
4325,127
4326,141
4327,181
4328,358
4329,178
4330,69
4331,468
4332,402
4333,405
4334,224
4335,328
4336,383
4337,285
4338,364
4339,425
4340,61
4341,78
4342,227
4343,343
4344,297
4345,297
4346,358
4347,148
4348,429
4349,437
4350,482
4351,415
4352,34
4353,99
4354,340
4355,87
4356,180
4357,289
4358,148
4359,346
4360,57
4361,382
4362,303
4363,318
4364,110
4365,469
4366,347
4367,374
4368,186
4369,204
4370,271
4371,421
4372,235
4373,436
4374,161
4375,434
4376,431
4377,398
4378,426
4379,34
4380,385
4381,498
4382,175
4383,197
4384,341
4385,62
4386,382
4387,217
4388,301
4389,236
4390,422
4391,295
4392,111
4393,113
4394,214
4395,285
4396,476
4397,284
4398,383
4399,32
4400,224
4401,497
4402,27
4403,299
4404,184
4405,465
4406,268
4407,205
4408,457
4409,409
4410,92
4411,260
4412,105
4413,354
4414,275
4415,112
4416,331
4417,103
4418,389
4419,175
4420,476
4421,283
4422,417
4423,454
4424,62
4425,373
4426,452
4427,126
4428,316
4429,241
4430,295
4431,407
4432,92
4433,284
4434,170
4435,344
4436,423
4437,246
4438,333
4439,370
4440,476
4441,200
4442,486
4443,367
4444,158
4445,496
4446,434
4447,192
4448,186
4449,291
4450,496
4451,417
4452,275
4453,278
4454,94
4455,206
4456,499
4457,387
4458,113
4459,351
4460,384
4461,237
4462,301
4463,467
4464,244
4465,134
4466,460
4467,93
4468,139
4469,236
4470,269
4471,199
4472,381
4473,494
4474,53
4475,67
4476,464
4477,465
4478,164
4479,84
4480,182
4481,350
4482,152
4483,283
4484,172
4485,198
4486,183
4487,155
4488,268
4489,448
4490,317
4491,296
4492,85
4493,238
4494,427
4495,420
4496,437
4497,89
4498,299
4499,386
4500,24
4501,213
4502,380
4503,216
4504,83
4505,294
4506,472
4507,436
4508,185
4509,112
4510,289
4511,280
4512,49
4513,99
4514,169
4515,386
4516,397
4517,328
4518,277
4519,319
4520,36
4521,193
4522,397
4523,140
4524,379
4525,138
4526,120
4527,429
4528,299
4529,376
4530,101
4531,28
4532,37
4533,474
4534,149
4535,48
4536,32
4537,99
4538,393
4539,472
4540,21
4541,402
4542,445
4543,211
4544,363
4545,165
4546,361
4547,467
4548,388
4549,177
4550,499
4551,31
4552,376
4553,421
4554,291
4555,183
4556,65
4557,173
4558,488
4559,260
4560,69
4561,309
4562,138
4563,318
4564,108
4565,246
4566,493
4567,175
4568,390
4569,339
4570,269
4571,234
4572,396
4573,414
4574,73
4575,65
4576,138
4577,72
4578,283
4579,121
4580,236
4581,439
4582,379
4583,100
4584,104
4585,396
4586,453
4587,122
4588,22
4589,438
4590,334
4591,341
4592,249
4593,319
4594,250
4595,82
4596,30
4597,440
4598,256
4599,188
4600,146
4601,389
4602,45
4603,274
4604,104
4605,375
4606,299
4607,362
4608,217
4609,349
4610,393
4611,170
4612,46
4613,485
4614,162
4615,378
4616,381
4617,196
4618,255
4619,314
4620,404
4621,138
4622,15
4623,193
4624,47
4625,412
4626,312
4627,482
4628,467
4629,151
4630,450
4631,136
4632,409
4633,250
4634,207
4635,417
4636,229
4637,87
4638,264
4639,318
4640,379
4641,171
4642,308
4643,388
4644,104
4645,397
4646,124
4647,223
4648,429
4649,173
4650,40
4651,305
4652,155
4653,403
4654,20
4655,449
4656,445
4657,387
4658,124
4659,337
4660,419
4661,104
4662,54
4663,131
4664,480
4665,335
4666,94
4667,377
4668,287
4669,207
4670,317
4671,223
4672,474
4673,24
4674,320
4675,427
4676,61
4677,485
4678,103
4679,151
4680,269
4681,341
4682,17
4683,54
4684,284
4685,441
4686,240
4687,20
4688,94
4689,373
4690,349
4691,148
4692,345
4693,389
4694,485
4695,275
4696,41
4697,282
4698,189
4699,276
4700,112
4701,145
4702,481
4703,287
4704,373
4705,205
4706,206
4707,424
4708,216
4709,89
4710,442
4711,235
4712,344
4713,475
4714,279
4715,259
4716,30
4717,187
4718,125
4719,408
4720,307
4721,91
4722,65
4723,494
4724,362
4725,125
4726,104
4727,468
4728,320
4729,191
4730,49
4731,383
4732,437
4733,324
4734,388
4735,56
4736,391
4737,245
4738,22
4739,366
4740,364
4741,407
4742,29
4743,154
4744,427
4745,488
4746,365
4747,354
4748,214
4749,411
4750,388
4751,314
4752,354
4753,26
4754,485
4755,76
4756,304
4757,32
4758,156
4759,429
4760,68
4761,340
4762,422
4763,173
4764,252
4765,33
4766,171
4767,473
4768,422
4769,399
4770,239
4771,84
4772,32
4773,277
4774,124
4775,314
4776,155
4777,316
4778,102
4779,429
4780,437
4781,328
4782,331
4783,263
4784,310
4785,318
4786,281
4787,477
4788,55
4789,208
4790,370
4791,192
4792,426
4793,70
4794,265
4795,47
4796,165
4797,481
4798,153
4799,82
4800,320
4801,490
4802,316
4803,328
4804,248
4805,204
4806,421
4807,69
4808,277
4809,335
4810,87
4811,140
4812,363
4813,18
4814,165
4815,196
4816,209
4817,333
4818,78
4819,411
4820,194
4821,28
4822,353
4823,389
4824,315
4825,237
4826,153
4827,415
4828,364
4829,259
4830,59
4831,181
4832,407
4833,455
4834,338
4835,476
4836,308
4837,288
4838,308
4839,141
4840,436
4841,49
4842,261
4843,365
4844,398
4845,219
4846,338
4847,357
4848,338
4849,244
4850,72
4851,310
4852,364
4853,118
4854,165
4855,203
4856,275
4857,263
4858,462
4859,324
4860,314
4861,122
4862,72
4863,465
4864,238
4865,39
4866,435
4867,238
4868,438
4869,497
4870,415
4871,200
4872,490
4873,41
4874,248
4875,307
4876,167
4877,197
4878,388
4879,431
4880,49
4881,333
4882,201
4883,206
4884,402
4885,494
4886,314
4887,181
4888,131
4889,168
4890,235
4891,28
4892,474
4893,39
4894,215
4895,348
4896,19
4897,372
4898,136
4899,23
4900,172
4901,223
4902,389
4903,285
4904,493
4905,41
4906,334
4907,487
4908,249
4909,114
4910,325
4911,467
4912,184
4913,283
4914,386
4915,389
4916,89
4917,302
4918,377
4919,52
4920,137
4921,480
4922,351
4923,215
4924,244
4925,382
4926,327
4927,57
4928,296
4929,73
4930,443
4931,380
4932,287
4933,467
4934,231
4935,74
4936,437
4937,183
4938,368
4939,486
4940,215
4941,38
4942,204
4943,72
4944,417
4945,270
4946,290
4947,292
4948,357
4949,114
4950,380
4951,217
4952,394
4953,89
4954,315
4955,133
4956,407
4957,64
4958,199
4959,194
4960,466
4961,98
4962,429
4963,369
4964,247
4965,427
4966,351
4967,472
4968,259
4969,305
4970,169
4971,301
4972,326
4973,74
4974,267
4975,188
4976,277
4977,90
4978,489
4979,294
4980,422
4981,156
4982,357
4983,323
4984,418
4985,362
4986,153
4987,257
4988,400
4989,338
4990,29
4991,309
4992,170
4993,405
4994,202
4995,216
4996,265
4997,381
4998,371
4999,22
5000,29
5001,327
5002,74
5003,214
5004,95
5005,422
5006,190
5007,439
5008,167
5009,37
5010,298
5011,121
5012,448
5013,83
5014,53
5015,267
5016,494
5017,94
5018,451
5019,132
5020,137
5021,130
5022,204
5023,181
5024,192
5025,300
5026,26
5027,29
5028,439
5029,439
5030,124
5031,237
5032,17
5033,34
5034,473
5035,342
5036,287
5037,91
5038,412
5039,259
5040,20
5041,137
5042,444
5043,100
5044,330
5045,390
5046,451
5047,107
5048,257
5049,273
5050,237
5051,467
5052,203
5053,288
5054,244
5055,431
5056,43
5057,178
5058,408
5059,60
5060,53
5061,26
5062,288
5063,465
5064,158
5065,31
5066,113
5067,486
5068,89
5069,323
5070,296
5071,131
5072,336
5073,41
5074,33
5075,127
5076,445
5077,254
5078,370
5079,217
5080,273
5081,454
5082,431
5083,236
5084,156
5085,462
5086,33
5087,60
5088,244
5089,326
5090,468
5091,360
5092,357
5093,85
5094,365
5095,493
5096,492
5097,228
5098,441
5099,21
5100,323
5101,83
5102,352
5103,64
5104,495
5105,87
5106,105
5107,369
5108,461
5109,155
5110,411
5111,242
5112,259
5113,317
5114,430
5115,178
5116,50
5117,49
5118,230
5119,68
5120,479
5121,168
5122,367
5123,204
5124,171
5125,456
5126,426
5127,388
5128,336
5129,408
5130,398
5131,225
5132,361
5133,379
5134,87
5135,341
5136,318
5137,476
5138,74
5139,109
5140,86
5141,459
5142,203
5143,162
5144,66
5145,476
5146,54
5147,261
5148,309
5149,195
5150,55
5151,34
5152,408
5153,185
5154,213
5155,198
5156,462
5157,36
5158,122
5159,374
5160,304
5161,491
5162,238
5163,311
5164,304
5165,356
5166,253
5167,488
5168,388
5169,19
5170,281
5171,433
5172,272
5173,317
5174,137
5175,215
5176,129
5177,436
5178,335
5179,428
5180,478
5181,164
5182,152
5183,37
5184,379
5185,148
5186,460
5187,405
5188,324
5189,490
5190,401
5191,307
5192,113
5193,190
5194,232
5195,222
5196,124
5197,374
5198,379
5199,335
5200,39
5201,111
5202,365
5203,148
5204,312
5205,180
5206,493
5207,189
5208,341
5209,485
5210,160
5211,462
5212,28
5213,197
5214,288
5215,187
5216,183
5217,424
5218,476
5219,435
5220,203
5221,122
5222,166
5223,101
5224,451
5225,93
5226,224
5227,465
5228,46
5229,104
5230,343
5231,60
5232,88
5233,306
5234,172
5235,60
5236,217
5237,469
5238,159
5239,321
5240,29
5241,495
5242,71
5243,245
5244,68
5245,71
5246,182
5247,73
5248,201
5249,432
5250,43
5251,280
5252,47
5253,33
5254,27
5255,395
5256,365
5257,179
5258,348
5259,73
5260,342
5261,82
5262,273
5263,395
5264,379
5265,225
5266,315
5267,472
5268,332
5269,312
5270,394
5271,59
5272,472
5273,176
5274,422
5275,414
5276,390
5277,237
5278,237
5279,333
5280,269
5281,76
5282,150
5283,51
5284,32
5285,451
5286,69
5287,218
5288,109
5289,400
5290,349
5291,338
5292,364
5293,370
5294,469
5295,319
5296,122
5297,404
5298,492
5299,254
5300,438
5301,158
5302,148
5303,291
5304,46
5305,245
5306,249
5307,123
5308,182
5309,372
5310,64
5311,271
5312,362
5313,103
5314,476
5315,53
5316,212
5317,26
5318,464
5319,442
5320,486
5321,47
5322,414
5323,340
5324,354
5325,112
5326,148
5327,95
5328,490
5329,15
5330,237
5331,391
5332,74
5333,441
5334,110
5335,166
5336,156
5337,126
5338,136
5339,359
5340,368
5341,413
5342,230
5343,398
5344,347
5345,357
5346,134
5347,493
5348,445
5349,169
5350,109
5351,253
5352,362
5353,410
5354,256
5355,459
5356,258
5357,405
5358,66
5359,73
5360,290
5361,312
5362,163
5363,153
5364,240
5365,339
5366,176
5367,448
5368,366
5369,290
5370,403
5371,22
5372,375
5373,270
5374,37
5375,21
5376,79
5377,18
5378,342
5379,445
5380,334
5381,399
5382,431
5383,387
5384,220
5385,89
5386,104
5387,101
5388,68
5389,84
5390,403
5391,267
5392,169
5393,450
5394,25
5395,445
5396,402
5397,467
5398,26
5399,275
5400,383
5401,287
5402,101
5403,170
5404,111
5405,476
5406,324
5407,173
5408,36
5409,39
5410,111
5411,374
5412,401
5413,422
5414,262
5415,41
5416,147
5417,158
5418,223
5419,244
5420,323
5421,253
5422,45
5423,276
5424,466
5425,325
5426,453
5427,445
5428,304
5429,403
5430,412
5431,177
5432,311
5433,438
5434,453
5435,342
5436,23
5437,173
5438,65
5439,344
5440,225
5441,416
5442,336
5443,232
5444,63
5445,117
5446,334
5447,186
5448,378
5449,313
5450,201
5451,124
5452,469
5453,216
5454,303
5455,160
5456,178
5457,98
5458,34
5459,251
5460,51
5461,196
5462,314
5463,452
5464,173
5465,260
5466,260
5467,229
5468,358
5469,26
5470,77
5471,307
5472,219
5473,322
5474,398
5475,391
5476,466
5477,60
5478,179
5479,76
5480,455
5481,314
5482,277
5483,310
5484,355
5485,435
5486,101
5487,391
5488,168
5489,242
5490,80
5491,390
5492,407
5493,83
5494,21
5495,451
5496,241
5497,358
5498,339
5499,308
5500,384
5501,429
5502,87
5503,253
5504,321
5505,321
5506,103
5507,394
5508,246
5509,61
5510,358
5511,378
5512,423
5513,412
5514,395
5515,303
5516,471
5517,473
5518,103
5519,138
5520,275
5521,407
5522,206
5523,310
5524,259
5525,68
5526,241
5527,337
5528,411
5529,484
5530,118
5531,187
5532,256
5533,408
5534,48
5535,274
5536,212
5537,225
5538,410
5539,19
5540,321
5541,19
5542,111
5543,118
5544,339
5545,78
5546,450
5547,163
5548,221
5549,361
5550,101
5551,494
5552,242
5553,192
5554,217
5555,195
5556,313
5557,28
5558,484
5559,410
5560,100
5561,304
5562,303
5563,118
5564,436
5565,296
5566,311
5567,111
5568,264
5569,162
5570,229
5571,248
5572,358
5573,368
5574,79
5575,150
5576,343
5577,297
5578,475
5579,385
5580,365
5581,187
5582,499
5583,420
5584,52
5585,40
5586,126
5587,365
5588,51
5589,373
5590,266
5591,86
5592,188
5593,69
5594,237
5595,178
5596,100
5597,163
5598,409
5599,229
5600,106
5601,268
5602,467
5603,339
5604,137
5605,430
5606,391
5607,265
5608,349
5609,381
5610,288
5611,182
5612,149
5613,477
5614,454
5615,188
5616,496
5617,270
5618,385
5619,309
5620,116
5621,328
5622,462
5623,267
5624,377
5625,74
5626,73
5627,236
5628,236
5629,344
5630,326
5631,164
5632,254
5633,174
5634,251
5635,205
5636,340
5637,180
5638,277
5639,184
5640,485
5641,421
5642,366
5643,43
5644,129
5645,282
5646,301
5647,87
5648,300
5649,308
5650,64
5651,187
5652,247
5653,231
5654,281
5655,400
5656,194
5657,114
5658,349
5659,149
5660,409
5661,489
5662,57
5663,308
5664,46
5665,265
5666,46
5667,244
5668,409
5669,138
5670,272
5671,324
5672,84
5673,257
5674,107
5675,400
5676,120
5677,295
5678,30
5679,455
5680,384
5681,68
5682,466
5683,154
5684,100
5685,247
5686,297
5687,268
5688,219
5689,184
5690,318
5691,372
5692,58
5693,268
5694,341
5695,223
5696,49
5697,291
5698,314
5699,499
5700,28
5701,313
5702,392
5703,193
5704,307
5705,61
5706,360
5707,399
5708,475
5709,227
5710,146
5711,327
5712,350
5713,153
5714,363
5715,78
5716,41
5717,358
5718,110
5719,313
5720,102
5721,338
5722,328
5723,134
5724,463
5725,137
5726,312
5727,290
5728,36
5729,289
5730,260
5731,81
5732,135
5733,498
5734,29
5735,371
5736,349
5737,118
5738,462
5739,479
5740,45
5741,127
5742,461
5743,385
5744,309
5745,452
5746,135
5747,250
5748,399
5749,99
5750,18
5751,238
5752,403
5753,373
5754,361
5755,194
5756,223
5757,206
5758,410
5759,285
5760,208
5761,287
5762,176
5763,236
5764,422
5765,356
5766,445
5767,163
5768,306
5769,387
5770,317
5771,269
5772,385
5773,209
5774,37
5775,215
5776,181
5777,388
5778,162
5779,402
5780,216
5781,443
5782,439
5783,52
5784,393
5785,425
5786,240
5787,21
5788,46
5789,333
5790,162
5791,105
5792,358
5793,375
5794,243
5795,181
5796,400
5797,246
5798,108
5799,496
5800,50
5801,334
5802,281
5803,374
5804,243
5805,436
5806,44
5807,389
5808,140
5809,131
5810,171
5811,451
5812,92
5813,282
5814,365
5815,43
5816,112
5817,321
5818,51
5819,41
5820,36
5821,290
5822,260
5823,470
5824,274
5825,383
5826,453
5827,179
5828,242
5829,44
5830,223
5831,34
5832,237
5833,483
5834,323
5835,216
5836,317
5837,237
5838,217
5839,452
5840,22
5841,467
5842,373
5843,130
5844,387
5845,150
5846,41
5847,271
5848,94
5849,467
5850,30
5851,484
5852,357
5853,100
5854,355
5855,292
5856,37
5857,219
5858,124
5859,265
5860,329
5861,15
5862,485
5863,255
5864,388
5865,228
5866,107
5867,464
5868,251
5869,410
5870,86
5871,322
5872,411
5873,396
5874,484
5875,350
5876,479
5877,173
5878,418
5879,77
5880,487
5881,444
5882,293
5883,204
5884,269
5885,459
5886,463
5887,310
5888,493
5889,476
5890,489
5891,328
5892,36
5893,455
5894,316
5895,36
5896,455
5897,459
5898,24
5899,140
5900,292
5901,266
5902,284
5903,69
5904,90
5905,483
5906,411
5907,478
5908,377
5909,390
5910,395
5911,76
5912,165
5913,497
5914,251
5915,446
5916,110
5917,314
5918,187
5919,124
5920,204
5921,381
5922,178
5923,271
5924,85
5925,226
5926,455
5927,293
5928,177
5929,365
5930,377
5931,242
5932,276
5933,268
5934,449
5935,179
5936,83
5937,120
5938,402
5939,376
5940,204
5941,414
5942,59
5943,173
5944,59
5945,259
5946,127
5947,406
5948,242
5949,200
5950,313
5951,463
5952,332
5953,416
5954,102
5955,411
5956,408
5957,368
5958,400
5959,391
5960,416
5961,176
5962,211
5963,341
5964,40
5965,478
5966,412
5967,489
5968,471
5969,456
5970,140
5971,420
5972,425
5973,358
5974,97
5975,438
5976,79
5977,142
5978,266
5979,101
5980,109
5981,68
5982,15
5983,403
5984,130
5985,29
5986,297
5987,187
5988,198
5989,106
5990,30
5991,119
5992,250
5993,370
5994,465
5995,227
5996,90
5997,434
5998,149
5999,29
6000,226
6001,409
6002,16
6003,462
6004,146
6005,19
6006,40
6007,151
6008,499
6009,93
6010,51
6011,84
6012,170
6013,390
6014,165
6015,499
6016,160
6017,284
6018,216
6019,289
6020,152
6021,31
6022,485
6023,166
6024,135
6025,496
6026,272
6027,168
6028,234
6029,207
6030,302
6031,332
6032,476
6033,384
6034,304
6035,341
6036,240
6037,176
6038,41
6039,23
6040,369
6041,382
6042,253
6043,91
6044,95
6045,175
6046,447
6047,398
6048,163
6049,211
6050,447
6051,372
6052,106
6053,344
6054,343
6055,19
6056,137
6057,277
6058,269
6059,124
6060,348
6061,394
6062,198
6063,472
6064,189
6065,469
6066,323
6067,95
6068,431
6069,165
6070,77
6071,179
6072,429
6073,488
6074,387
6075,189
6076,256
6077,456
6078,299
6079,199
6080,357
6081,293
6082,271
6083,408
6084,465
6085,195
6086,243
6087,42
6088,48
6089,307
6090,114
6091,165
6092,187
6093,189
6094,105
6095,236
6096,140
6097,148
6098,38
6099,395
6100,74
6101,262
6102,184
6103,121
6104,461
6105,450
6106,94
6107,25
6108,56
6109,387
6110,370
6111,130
6112,48
6113,274
6114,172
6115,44
6116,111
6117,262
6118,177
6119,241
6120,419
6121,356
6122,183
6123,229
6124,298
6125,184
6126,349
6127,391
6128,359
6129,421
6130,116
6131,278
6132,314
6133,312
6134,364
6135,362
6136,467
6137,153
6138,383
6139,43
6140,387
6141,440
6142,252
6143,330
6144,111
6145,83
6146,417
6147,17
6148,259
6149,450
6150,116
6151,445
6152,441
6153,65
6154,293
6155,389
6156,37
6157,198
6158,195
6159,64
6160,182
6161,382
6162,357
6163,420
6164,398
6165,227
6166,412
6167,466
6168,151
6169,183
6170,285
6171,258
6172,287
6173,444
6174,345
6175,47
6176,422
6177,295
6178,17
6179,498
6180,239
6181,334
6182,379
6183,378
6184,419
6185,36
6186,124
6187,210
6188,82
6189,338
6190,24
6191,111
6192,425
6193,340
6194,109
6195,176
6196,352
6197,401
6198,77
6199,104
6200,414
6201,322
6202,422
6203,37
6204,319
6205,176
6206,250
6207,103
6208,135
6209,464
6210,360
6211,194
6212,224
6213,31
6214,128
6215,451
6216,299
6217,393
6218,449
6219,296
6220,373
6221,478
6222,113
6223,67
6224,220
6225,435
6226,94
6227,191
6228,478
6229,110
6230,96
6231,472
6232,26
6233,299
6234,223
6235,141
6236,413
6237,392
6238,337
6239,205
6240,481
6241,423
6242,401
6243,457
6244,357
6245,37
6246,446
6247,117
6248,174
6249,474
6250,182
6251,418
6252,362
6253,324
6254,200
6255,163
6256,265
6257,15
6258,159
6259,444
6260,181
6261,148
6262,54
6263,401
6264,368
6265,433
6266,218
6267,271
6268,402
6269,283
6270,31
6271,478
6272,453
6273,391
6274,493
6275,288
6276,473
6277,293
6278,213
6279,126
6280,89
6281,231
6282,265
6283,278
6284,235
6285,93
6286,140
6287,35
6288,28
6289,294
6290,130
6291,376
6292,257
6293,286
6294,35
6295,186
6296,66
6297,67
6298,211
6299,134
6300,300
6301,319
6302,180
6303,360
6304,234
6305,388
6306,169
6307,25
6308,144
6309,210
6310,406
6311,124
6312,175
6313,387
6314,95
6315,336
6316,438
6317,84
6318,412
6319,194
6320,72
6321,86
6322,366
6323,326
6324,461
6325,20
6326,349
6327,407
6328,381
6329,499
6330,39
6331,230
6332,227
6333,101
6334,85
6335,249
6336,89
6337,308
6338,274
6339,225
6340,309
6341,437
6342,160
6343,172
6344,395
6345,262
6346,342
6347,353
6348,499
6349,271
6350,357
6351,52
6352,127
6353,469
6354,177
6355,472
6356,402
6357,72
6358,402
6359,311
6360,478
6361,292
6362,338
6363,249
6364,147
6365,288
6366,17
6367,372
6368,470
6369,411
6370,141
6371,164
6372,160
6373,218
6374,372
6375,230
6376,27
6377,414
6378,24
6379,189
6380,254
6381,87
6382,46
6383,370
6384,163
6385,400
6386,428
6387,77
6388,254
6389,467
6390,244
6391,431
6392,394
6393,82
6394,182
6395,334
6396,122
6397,413
6398,394
6399,135
6400,219
6401,170
6402,219
6403,163
6404,382
6405,383
6406,271
6407,201
6408,484
6409,183
6410,482
6411,166
6412,400
6413,363
6414,198
6415,29
6416,263
6417,47
6418,260
6419,165
6420,243
6421,309
6422,399
6423,111
6424,237
6425,189
6426,186
6427,403
6428,438
6429,60
6430,181
6431,469
6432,131
6433,479
6434,18
6435,429
6436,187
6437,218
6438,339
6439,38
6440,263
6441,354
6442,254
6443,317
6444,237
6445,210
6446,191
6447,136
6448,178
6449,253
6450,407
6451,79
6452,417
6453,409
6454,445
6455,394
6456,361
6457,260
6458,157
6459,424
6460,205
6461,118
6462,260
6463,19
6464,446
6465,226
6466,324
6467,487
6468,314
6469,36
6470,199
6471,446
6472,416
6473,70
6474,87
6475,237
6476,116
6477,454
6478,50
6479,40
6480,126
6481,278
6482,450
6483,294
6484,71
6485,246
6486,235
6487,116
6488,436
6489,68
6490,56
6491,413
6492,273
6493,130
6494,365
6495,218
6496,311
6497,262
6498,330
6499,34
6500,268
6501,457
6502,359
6503,181
6504,283
6505,29
6506,425
6507,47
6508,441
6509,143
6510,299
6511,289
6512,199
6513,125
6514,218
6515,429
6516,491
6517,433
6518,415
6519,216
6520,282
6521,68
6522,21
6523,356
6524,497
6525,372
6526,303
6527,23
6528,60
6529,67
6530,499
6531,140
6532,262
6533,404
6534,385
6535,109
6536,337
6537,460
6538,73
6539,313
6540,40
6541,79
6542,306
6543,171
6544,458
6545,364
6546,272
6547,279
6548,464
6549,479
6550,146
6551,165
6552,219
6553,247
6554,456
6555,78
6556,169
6557,381
6558,149
6559,482
6560,440
6561,55
6562,183
6563,384
6564,150
6565,206
6566,334
6567,24
6568,36
6569,296
6570,310
6571,191
6572,401
6573,153
6574,114
6575,170
6576,262
6577,216
6578,454
6579,254
6580,304
6581,98
6582,176
6583,388
6584,169
6585,331
6586,454
6587,466
6588,338
6589,199
6590,454
6591,325
6592,39
6593,389
6594,366
6595,100
6596,82
6597,231
6598,322
6599,440
6600,93
6601,26
6602,371
6603,432
6604,41
6605,457
6606,271
6607,162
6608,431
6609,290
6610,183
6611,77
6612,461
6613,23
6614,439
6615,207
6616,288
6617,156
6618,246
6619,80
6620,153
6621,279
6622,352
6623,355
6624,354
6625,411
6626,48
6627,102
6628,400
6629,162
6630,267
6631,369
6632,152
6633,439
6634,282
6635,310
6636,386
6637,484
6638,198
6639,212
6640,301
6641,159
6642,176
6643,233
6644,456
6645,477
6646,60
6647,427
6648,171
6649,474
6650,366
6651,497
6652,74
6653,292
6654,51
6655,488
6656,107
6657,165
6658,394
6659,352
6660,498
6661,406
6662,389
6663,17
6664,169
6665,434
6666,391
6667,260
6668,348
6669,405
6670,158
6671,174
6672,471
6673,305
6674,485
6675,292
6676,156
6677,247
6678,129
6679,236
6680,125
6681,236
6682,184
6683,179
6684,236
6685,243
6686,246
6687,472
6688,65
6689,150
6690,304
6691,375
6692,428
6693,250
6694,181
6695,110
6696,440
6697,479
6698,447
6699,285
6700,43
6701,346
6702,365
6703,57
6704,343
6705,467
6706,273
6707,77
6708,204
6709,368
6710,489
6711,28
6712,40
6713,212
6714,277
6715,465
6716,197
6717,21
6718,383
6719,170
6720,233
6721,79
6722,436
6723,45
6724,213
6725,157
6726,146
6727,147
6728,17
6729,315
6730,419
6731,399
6732,461
6733,154
6734,313
6735,419
6736,44
6737,32
6738,195
6739,105
6740,112
6741,203
6742,406
6743,84
6744,286
6745,333
6746,387
6747,417
6748,193
6749,260
6750,148
6751,260
6752,167
6753,82
6754,91
6755,274
6756,207
6757,472
6758,32
6759,137
6760,219
6761,252
6762,79
6763,305
6764,377
6765,430
6766,452
6767,423
6768,403
6769,383
6770,362
6771,455
6772,16
6773,204
6774,494
6775,17
6776,166
6777,76
6778,481
6779,477
6780,195
6781,412
6782,429
6783,197
6784,312
6785,146
6786,259
6787,465
6788,393
6789,402
6790,129
6791,135
6792,362
6793,199
6794,56
6795,140
6796,325
6797,302
6798,356
6799,154
6800,221
6801,260
6802,443
6803,92
6804,244
6805,87
6806,236
6807,48
6808,147
6809,98
6810,227
6811,307
6812,244
6813,192
6814,34
6815,114
6816,45
6817,360
6818,376
6819,204
6820,116
6821,115
6822,179
6823,346
6824,91
6825,341
6826,354
6827,121
6828,452
6829,337
6830,261
6831,48
6832,196
6833,402
6834,34
6835,429
6836,286
6837,310
6838,345
6839,373
6840,425
6841,83
6842,499
6843,122
6844,288
6845,17
6846,289
6847,16
6848,430
6849,80
6850,223
6851,290
6852,377
6853,175
6854,217
6855,290
6856,476
6857,407
6858,395
6859,432
6860,85
6861,195
6862,345
6863,412
6864,360
6865,215
6866,438
6867,119
6868,451
6869,262
6870,24
6871,358
6872,239
6873,484
6874,356
6875,95
6876,158
6877,379
6878,344
6879,228
6880,478
6881,279
6882,497
6883,375
6884,232
6885,186
6886,51
6887,497
6888,272
6889,381
6890,389
6891,256
6892,468
6893,352
6894,97
6895,282
6896,448
6897,306
6898,425
6899,220
6900,225
6901,176
6902,193
6903,197
6904,300
6905,465
6906,270
6907,473
6908,138
6909,470
6910,477
6911,287
6912,104
6913,73
6914,348
6915,66
6916,38
6917,499
6918,64
6919,310
6920,493
6921,408
6922,58
6923,426
6924,65
6925,192
6926,80
6927,281
6928,132
6929,476
6930,414
6931,24
6932,37
6933,100
6934,333
6935,110
6936,475
6937,372
6938,327
6939,488
6940,215
6941,94
6942,192
6943,327
6944,357
6945,94
6946,330
6947,186
6948,457
6949,102
6950,213
6951,105
6952,53
6953,265
6954,479
6955,376
6956,132
6957,358
6958,25
6959,141
6960,299
6961,354
6962,343
6963,494
6964,88
6965,178
6966,441
6967,400
6968,73
6969,483
6970,295
6971,21
6972,398
6973,53
6974,87
6975,278
6976,100
6977,23
6978,60
6979,300
6980,411
6981,210
6982,77
6983,262
6984,337
6985,338
6986,167
6987,249
6988,122
6989,86
6990,213
6991,321
6992,412
6993,200
6994,322
6995,337
6996,53
6997,318
6998,168
6999,403
7000,223
7001,429
7002,463
7003,342
7004,335
7005,292
7006,80
7007,155
7008,177
7009,499
7010,472
7011,185
7012,258
7013,386
7014,93
7015,388
7016,331
7017,483
7018,247
7019,424
7020,425
7021,297
7022,219
7023,465
7024,180
7025,487
7026,493
7027,435
7028,94
7029,48
7030,262
7031,61
7032,414
7033,392
7034,188
7035,162
7036,337
7037,249
7038,135
7039,133
7040,30
7041,477
7042,156
7043,188
7044,189
7045,29
7046,458
7047,213
7048,254
7049,132
7050,316
7051,282
7052,387
7053,240
7054,336
7055,353
7056,25
7057,443
7058,75
7059,302
7060,44
7061,470
7062,25
7063,315
7064,447
7065,114
7066,140
7067,397
7068,298
7069,145
7070,63
7071,42
7072,145
7073,65
7074,360
7075,70
7076,370
7077,244
7078,300
7079,163
7080,311
7081,78
7082,67
7083,356
7084,110
7085,144
7086,40
7087,20
7088,110
7089,371
7090,157
7091,244
7092,110
7093,78
7094,269
7095,271
7096,375
7097,493
7098,256
7099,221
7100,208
7101,60
7102,266
7103,457
7104,267
7105,186
7106,339
7107,476
7108,277
7109,19
7110,457
7111,118
7112,346
7113,175
7114,42
7115,409
7116,36
7117,211
7118,474
7119,496
7120,474
7121,460
7122,493
7123,90
7124,347
7125,210
7126,183
7127,479
7128,78
7129,268
7130,247
7131,132
7132,474
7133,296
7134,284
7135,86
7136,315
7137,364
7138,72
7139,417
7140,174
7141,210
7142,100
7143,103
7144,273
7145,358
7146,411
7147,185
7148,170
7149,62
7150,260
7151,487
7152,307
7153,431
7154,104
7155,44
7156,449
7157,363
7158,44
7159,388
7160,67
7161,62
7162,317
7163,403
7164,95
7165,101
7166,351
7167,302
7168,399
7169,142
7170,421
7171,243
7172,304
7173,17
7174,312
7175,282
7176,41
7177,426
7178,257
7179,269
7180,459
7181,111
7182,273
7183,343
7184,114
7185,67
7186,256
7187,180
7188,472
7189,450
7190,241
7191,299
7192,137
7193,343
7194,377
7195,488
7196,186
7197,228
7198,152
7199,153
7200,273
7201,306
7202,300
7203,173
7204,280
7205,425
7206,293
7207,375
7208,31
7209,487
7210,481
7211,121
7212,306
7213,442
7214,475
7215,65
7216,203
7217,34
7218,358
7219,174
7220,152
7221,275
7222,360
7223,423
7224,374
7225,230
7226,337
7227,223
7228,340
7229,97
7230,343
7231,168
7232,499
7233,185
7234,56
7235,293
7236,410
7237,498
7238,376
7239,467
7240,260
7241,350
7242,495
7243,82
7244,335
7245,266
7246,367
7247,239
7248,327
7249,355
7250,116
7251,415
7252,454
7253,453
7254,203
7255,329
7256,413
7257,70
7258,452
7259,361
7260,174
7261,244
7262,124
7263,232
7264,426
7265,195
7266,162
7267,50
7268,250
7269,291
7270,413
7271,75
7272,222
7273,432
7274,113
7275,403
7276,360
7277,347
7278,299
7279,427
7280,119
7281,150
7282,258
7283,473
7284,313
7285,174
7286,344
7287,223
7288,62
7289,462
7290,368
7291,156
7292,343
7293,305
7294,262
7295,37
7296,251
7297,229
7298,474
7299,461
7300,30
7301,363
7302,247
7303,96
7304,371
7305,107
7306,252
7307,177
7308,62
7309,71
7310,335
7311,309
7312,159
7313,159
7314,404
7315,221
7316,460
7317,161
7318,238
7319,66
7320,89
7321,394
7322,64
7323,239
7324,206
7325,273
7326,85
7327,143
7328,193
7329,273
7330,452
7331,491
7332,491
7333,182
7334,140
7335,453
7336,453
7337,346
7338,130
7339,343
7340,319
7341,154
7342,345
7343,102
7344,328
7345,288
7346,365
7347,317
7348,439
7349,414
7350,201
7351,120
7352,103
7353,139
7354,126
7355,220
7356,169
7357,122
7358,498
7359,59
7360,134
7361,252
7362,127
7363,250
7364,54
7365,438
7366,481
7367,466
7368,491
7369,475
7370,169
7371,410
7372,226
7373,257
7374,168
7375,160
7376,202
7377,436
7378,330
7379,22
7380,23
7381,183
7382,362
7383,95
7384,240
7385,125
7386,169
7387,120
7388,162
7389,89
7390,377
7391,112
7392,488
7393,204
7394,250
7395,193
7396,216
7397,50
7398,154
7399,440
7400,75
7401,71
7402,217
7403,248
7404,483
7405,427
7406,278
7407,89
7408,118
7409,200
7410,135
7411,498
7412,207
7413,316
7414,247
7415,69
7416,380
7417,414
7418,129
7419,402
7420,260
7421,318
7422,120
7423,206
7424,390
7425,92
7426,154
7427,186
7428,308
7429,43
7430,316
7431,42
7432,442
7433,15
7434,270
7435,397
7436,493
7437,55
7438,154
7439,18
7440,255
7441,375
7442,479
7443,392
7444,354
7445,476
7446,487
7447,420
7448,67
7449,86
7450,462
7451,211
7452,122
7453,32
7454,464
7455,132
7456,63
7457,186
7458,229
7459,120
7460,203
7461,191
7462,332
7463,337
7464,444
7465,143
7466,116
7467,305
7468,71
7469,150
7470,186
7471,245
7472,199
7473,249
7474,336
7475,373
7476,443
7477,345
7478,492
7479,242
7480,302
7481,213
7482,410
7483,131
7484,393
7485,264
7486,67
7487,105
7488,227
7489,362
7490,73
7491,70
7492,143
7493,433
7494,239
7495,131
7496,88
7497,198
7498,237
7499,242
7500,220
7501,51
7502,495
7503,239
7504,451
7505,395
7506,368
7507,415
7508,270
7509,85
7510,413
7511,190
7512,473
7513,322
7514,435
7515,468
7516,105
7517,26
7518,220
7519,371
7520,268
7521,385
7522,387
7523,142
7524,182
7525,45
7526,29
7527,367
7528,177
7529,172
7530,28
7531,487
7532,192
7533,404
7534,499
7535,53
7536,119
7537,376
7538,68
7539,22
7540,427
7541,188
7542,233
7543,208
7544,279
7545,52
7546,337
7547,446
7548,469
7549,335
7550,265
7551,145
7552,138
7553,51
7554,305
7555,399
7556,215
7557,489
7558,54
7559,31
7560,365
7561,74
7562,70
7563,18
7564,286
7565,308
7566,496
7567,470
7568,442
7569,285
7570,286
7571,30
7572,200
7573,261
7574,62
7575,336
7576,155
7577,253
7578,295
7579,429
7580,172
7581,486
7582,470
7583,47
7584,261
7585,427
7586,430
7587,437
7588,431
7589,412
7590,221
7591,176
7592,417
7593,386
7594,472
7595,29
7596,86
7597,59
7598,355
7599,197
7600,160
7601,40
7602,74
7603,356
7604,233
7605,325
7606,53
7607,73
7608,125
7609,379
7610,298
7611,74
7612,268
7613,412
7614,468
7615,283
7616,206
7617,120
7618,177
7619,365
7620,138
7621,169
7622,305
7623,243
7624,476
7625,63
7626,55
7627,499
7628,252
7629,362
7630,297
7631,317
7632,84
7633,411
7634,79
7635,207
7636,470
7637,61
7638,160
7639,302
7640,350
7641,363
7642,317
7643,72
7644,283
7645,287
7646,110
7647,485
7648,446
7649,100
7650,395
7651,406
7652,312
7653,249
7654,428
7655,240
7656,401
7657,114
7658,358
7659,154
7660,236
7661,340
7662,189
7663,203
7664,182
7665,19
7666,197
7667,335
7668,47
7669,213
7670,95
7671,88
7672,99
7673,361
7674,232
7675,490
7676,284
7677,77
7678,345
7679,196
7680,386
7681,481
7682,340
7683,104
7684,433
7685,434
7686,296
7687,111
7688,22
7689,283
7690,425
7691,60
7692,30
7693,69
7694,382
7695,476
7696,132
7697,336
7698,274
7699,45
7700,415
7701,353
7702,489
7703,409
7704,469
7705,258
7706,180
7707,401
7708,441
7709,295
7710,398
7711,420
7712,347
7713,383
7714,59
7715,73
7716,404
7717,275
7718,366
7719,366
7720,351
7721,446
7722,279
7723,404
7724,473
7725,474
7726,480
7727,256
7728,191
7729,330
7730,417
7731,132
7732,488
7733,300
7734,395
7735,364
7736,233
7737,50
7738,239
7739,155
7740,220
7741,471
7742,85
7743,405
7744,318
7745,318
7746,112
7747,190
7748,413
7749,48
7750,493
7751,298
7752,436
7753,217
7754,68
7755,168
7756,421
7757,360
7758,112
7759,382
7760,308
7761,298
7762,122
7763,444
7764,462
7765,187
7766,386
7767,407
7768,497
7769,426
7770,470
7771,413
7772,300
7773,206
7774,454
7775,306
7776,359
7777,161
7778,237
7779,356
7780,86
7781,346
7782,439
7783,231
7784,182
7785,321
7786,125
7787,138
7788,324
7789,171
7790,272
7791,398
7792,70
7793,389
7794,214
7795,157
7796,160
7797,116
7798,457
7799,327
7800,138
7801,136
7802,393
7803,310
7804,172
7805,262
7806,286
7807,473
7808,153
7809,72
7810,43
7811,342
7812,155
7813,228
7814,307
7815,150
7816,50
7817,360
7818,88
7819,255
7820,451
7821,445
7822,393
7823,308
7824,107
7825,122
7826,408
7827,249
7828,415
7829,455
7830,320
7831,363
7832,435
7833,366
7834,88
7835,76
7836,90
7837,140
7838,234
7839,83
7840,423
7841,103
7842,442
7843,369
7844,178
7845,135
7846,353
7847,154
7848,284
7849,469
7850,491
7851,241
7852,28
7853,374
7854,255
7855,384
7856,104
7857,370
7858,58
7859,483
7860,444
7861,113
7862,451
7863,272
7864,490
7865,215
7866,393
7867,458
7868,448
7869,486
7870,193
7871,482
7872,35
7873,191
7874,256
7875,414
7876,298
7877,31
7878,311
7879,392
7880,386
7881,157
7882,242
7883,230
7884,413
7885,125
7886,228
7887,135
7888,190
7889,106
7890,109
7891,108
7892,19
7893,485
7894,441
7895,46
7896,418
7897,86
7898,340
7899,171
7900,467
7901,126
7902,489
7903,30
7904,353
7905,57
7906,58
7907,438
7908,67
7909,90
7910,223
7911,232
7912,251
7913,376
7914,496
7915,65
7916,155
7917,241
7918,134
7919,90
7920,180
7921,375
7922,480
7923,437
7924,16
7925,84
7926,206
7927,411
7928,70
7929,29
7930,426
7931,233
7932,470
7933,33
7934,22
7935,147
7936,275
7937,318
7938,71
7939,160
7940,115
7941,110
7942,322
7943,338
7944,323
7945,200
7946,409
7947,325
7948,335
7949,306
7950,368
7951,32
7952,374
7953,397
7954,336
7955,107
7956,478
7957,23
7958,499
7959,243
7960,421
7961,48
7962,16
7963,33
7964,432
7965,352
7966,292
7967,424
7968,255
7969,203
7970,498
7971,86
7972,326
7973,471
7974,120
7975,489
7976,188
7977,114
7978,347
7979,310
7980,385
7981,347
7982,235
7983,442
7984,181
7985,59
7986,236
7987,400
7988,208
7989,128
7990,376
7991,272
7992,97
7993,189
7994,81
7995,380
7996,384
7997,460
7998,227
7999,191
8000,214
8001,192
8002,324
8003,106
8004,448
8005,486
8006,462
8007,206
8008,282
8009,488
8010,307
8011,209
8012,257
8013,473
8014,188
8015,17
8016,26
8017,192
8018,81
8019,404
8020,128
8021,342
8022,396
8023,383
8024,409
8025,147
8026,81
8027,190
8028,110
8029,208
8030,177
8031,160
8032,267
8033,202
8034,342
8035,356
8036,134
8037,194
8038,148
8039,449
8040,88
8041,190
8042,178
8043,303
8044,393
8045,371
8046,379
8047,26
8048,238
8049,177
8050,234
8051,484
8052,267
8053,52
8054,250
8055,436
8056,492
8057,270
8058,156
8059,326
8060,154
8061,284
8062,169
8063,473
8064,463
8065,350
8066,413
8067,291
8068,219
8069,315
8070,257
8071,302
8072,297
8073,99
8074,382
8075,76
8076,219
8077,195
8078,459
8079,135
8080,63
8081,437
8082,56
8083,457
8084,48
8085,84
8086,232
8087,226
8088,474
8089,266
8090,15
8091,290
8092,208
8093,22
8094,194
8095,226
8096,59
8097,99
8098,173
8099,161
8100,292
8101,198
8102,252
8103,442
8104,317
8105,170
8106,488
8107,130
8108,291
8109,436
8110,455
8111,53
8112,368
8113,200
8114,358
8115,62
8116,58
8117,482
8118,421
8119,260
8120,155
8121,192
8122,118
8123,387
8124,421
8125,289
8126,178
8127,193
8128,323
8129,419
8130,409
8131,380
8132,56
8133,133
8134,80
8135,355
8136,39
8137,340
8138,383
8139,330
8140,378
8141,306
8142,444
8143,278
8144,433
8145,446
8146,339
8147,338
8148,399
8149,121
8150,58
8151,193
8152,414
8153,373
8154,260
8155,493
8156,91
8157,402
8158,334
8159,475
8160,294
8161,298
8162,39
8163,250
8164,64
8165,188
8166,164
8167,374
8168,439
8169,172
8170,274
8171,473
8172,270
8173,403
8174,471
8175,101
8176,359
8177,59
8178,452
8179,246
8180,214
8181,294
8182,270
8183,83
8184,307
8185,444
8186,43
8187,54
8188,335
8189,237
8190,402
8191,309
8192,262
8193,346
8194,381
8195,49
8196,254
8197,409
8198,195
8199,244
8200,365
8201,428
8202,497
8203,182
8204,173
8205,355
8206,88
8207,401
8208,259
8209,212
8210,97
8211,226
8212,166
8213,76
8214,481
8215,288
8216,99
8217,69
8218,424
8219,472
8220,159
8221,311
8222,491
8223,444
8224,331
8225,142
8226,474
8227,428
8228,460
8229,18
8230,174
8231,110
8232,309
8233,34
8234,331
8235,357
8236,44
8237,407
8238,401
8239,347
8240,81
8241,485
8242,417
8243,171
8244,127
8245,45
8246,318
8247,262
8248,81
8249,56
8250,456
8251,248
8252,397
8253,358
8254,353
8255,126
8256,258
8257,200
8258,487
8259,447
8260,396
8261,38
8262,235
8263,173
8264,399
8265,286
8266,96
8267,182
8268,388
8269,141
8270,165
8271,85
8272,231
8273,113
8274,39
8275,17
8276,30
8277,270
8278,105
8279,468
8280,145
8281,64
8282,95
8283,97
8284,292
8285,222
8286,425
8287,228
8288,329
8289,308
8290,245
8291,202
8292,20
8293,127
8294,209
8295,183
8296,269
8297,262
8298,277
8299,30
8300,200
8301,118
8302,312
8303,228
8304,81
8305,499
8306,173
8307,259
8308,107
8309,297
8310,471
8311,485
8312,303
8313,233
8314,478
8315,141
8316,360
8317,188
8318,348
8319,93
8320,439
8321,486
8322,28
8323,108
8324,32
8325,152
8326,418
8327,400
8328,385
8329,497
8330,448
8331,498
8332,283
8333,201
8334,308
8335,38
8336,53
8337,240
8338,341
8339,213
8340,236
8341,123
8342,59
8343,359
8344,470
8345,403
8346,465
8347,360
8348,228
8349,476
8350,96
8351,74
8352,46
8353,438
8354,209
8355,32
8356,269
8357,446
8358,246
8359,437
8360,69
8361,420
8362,126
8363,326
8364,332
8365,265
8366,100
8367,24
8368,127
8369,435
8370,47
8371,180
8372,148
8373,417
8374,39
8375,76
8376,408
8377,422
8378,420
8379,112
8380,369
8381,447
8382,391
8383,195
8384,150
8385,410
8386,494
8387,190
8388,114
8389,159
8390,176
8391,145
8392,60
8393,198
8394,421
8395,335
8396,55
8397,92
8398,44
8399,100
8400,240
8401,367
8402,350
8403,497
8404,394
8405,106
8406,197
8407,277
8408,497
8409,397
8410,477
8411,486
8412,445
8413,238
8414,185
8415,20
8416,88
8417,227
8418,227
8419,71
8420,328
8421,429
8422,474
8423,436
8424,213
8425,452
8426,74
8427,147
8428,53
8429,472
8430,225
8431,327
8432,117
8433,330
8434,211
8435,487
8436,288
8437,304
8438,281
8439,54
8440,493
8441,320
8442,204
8443,37
8444,392
8445,234
8446,237
8447,454
8448,162
8449,380
8450,268
8451,371
8452,132
8453,263
8454,188
8455,355
8456,291
8457,227
8458,250
8459,217
8460,454
8461,113
8462,114
8463,79
8464,21
8465,106
8466,33
8467,393
8468,138
8469,191
8470,96
8471,343
8472,459
8473,243
8474,59
8475,447
8476,452
8477,306
8478,76
8479,409
8480,150
8481,461
8482,474
8483,352
8484,155
8485,238
8486,141
8487,218
8488,395
8489,289
8490,446
8491,222
8492,275
8493,271
8494,139
8495,332
8496,329
8497,201
8498,60
8499,302
8500,461
8501,142
8502,129
8503,213
8504,244
8505,82
8506,360
8507,482
8508,490
8509,440
8510,54
8511,129
8512,293
8513,291
8514,212
8515,91
8516,460
8517,436
8518,492
8519,313
8520,178
8521,168
8522,261
8523,83
8524,489
8525,256
8526,495
8527,62
8528,29
8529,342
8530,474
8531,415
8532,339
8533,323
8534,192
8535,481
8536,92
8537,48
8538,489
8539,406
8540,78
8541,496
8542,87
8543,221
8544,41
8545,125
8546,372
8547,113
8548,278
8549,319
8550,152
8551,497
8552,31
8553,251
8554,257
8555,351
8556,73
8557,327
8558,378
8559,411
8560,468
8561,110
8562,269
8563,345
8564,468
8565,249
8566,368
8567,481
8568,112
8569,236
8570,404
8571,488
8572,388
8573,194
8574,241
8575,77
8576,313
8577,266
8578,346
8579,23
8580,103
8581,230
8582,439
8583,353
8584,102
8585,459
8586,479
8587,363
8588,176
8589,219
8590,233
8591,273
8592,391
8593,175
8594,256
8595,333
8596,54
8597,110
8598,310
8599,369
8600,169
8601,58
8602,273
8603,307
8604,188
8605,262
8606,174
8607,330
8608,278
8609,70
8610,26
8611,39
8612,206
8613,376
8614,178
8615,89
8616,192
8617,470
8618,150
8619,104
8620,206
8621,417
8622,149
8623,188
8624,16
8625,41
8626,284
8627,270
8628,242
8629,163
8630,432
8631,55
8632,258
8633,107
8634,249
8635,481
8636,27
8637,192
8638,443
8639,258
8640,424
8641,413
8642,394
8643,151
8644,269
8645,377
8646,77
8647,454
8648,338
8649,454
8650,271
8651,286
8652,138
8653,368
8654,41
8655,402
8656,66
8657,324
8658,409
8659,36
8660,251
8661,58
8662,123
8663,311
8664,136
8665,451
8666,256
8667,482
8668,193
8669,454
8670,211
8671,279
8672,161
8673,267
8674,375
8675,172
8676,229
8677,56
8678,82
8679,21
8680,481
8681,292
8682,361
8683,134
8684,494
8685,254
8686,353
8687,102
8688,406
8689,327
8690,161
8691,403
8692,142
8693,199
8694,279
8695,436
8696,421
8697,249
8698,281
8699,451
8700,226
8701,442
8702,201
8703,486
8704,329
8705,177
8706,337
8707,470
8708,378
8709,176
8710,280
8711,128
8712,117
8713,444
8714,410
8715,86
8716,218
8717,432
8718,318
8719,146
8720,179
8721,224
8722,79
8723,135
8724,115
8725,354
8726,133
8727,159
8728,256
8729,171
8730,187
8731,235
8732,118
8733,482
8734,184
8735,118
8736,77
8737,302
8738,62
8739,16
8740,113
8741,20
8742,93
8743,53
8744,443
8745,407
8746,464
8747,255
8748,457
8749,238
8750,411
8751,264
8752,91
8753,367
8754,139
8755,409
8756,294
8757,263
8758,88
8759,163
8760,72
8761,138
8762,417
8763,155
8764,133
8765,418
8766,31
8767,373
8768,343
8769,144
8770,269
8771,155
8772,84
8773,118
8774,257
8775,74
8776,216
8777,199
8778,318
8779,135
8780,486
8781,214
8782,101
8783,300
8784,195
8785,293
8786,300
8787,22
8788,149
8789,45
8790,159
8791,21
8792,187
8793,94
8794,318
8795,121
8796,22
8797,235
8798,164
8799,423
8800,48
8801,228
8802,164
8803,472
8804,490
8805,320
8806,71
8807,377
8808,233
8809,400
8810,449
8811,406
8812,492
8813,71
8814,343
8815,208
8816,70
8817,305
8818,229
8819,207
8820,92
8821,118
8822,312
8823,112
8824,164
8825,312
8826,419
8827,467
8828,413
8829,209
8830,366
8831,346
8832,268
8833,105
8834,94
8835,80
8836,365
8837,235
8838,448
8839,408
8840,385
8841,412
8842,55
8843,35
8844,331
8845,475
8846,415
8847,136
8848,280
8849,439
8850,159
8851,381
8852,335
8853,266
8854,207
8855,152
8856,92
8857,140
8858,78
8859,220
8860,45
8861,351
8862,116
8863,209
8864,411
8865,431
8866,130
8867,349
8868,230
8869,61
8870,468
8871,112
8872,467
8873,168
8874,309
8875,106
8876,294
8877,325
8878,41
8879,255
8880,327
8881,149
8882,160
8883,415
8884,44
8885,115
8886,248
8887,350
8888,301
8889,380
8890,179
8891,479
8892,345
8893,311
8894,228
8895,292
8896,481
8897,24
8898,113
8899,348
8900,290
8901,239
8902,187
8903,415
8904,451
8905,312
8906,54
8907,225
8908,239
8909,429
8910,96
8911,384
8912,215
8913,400
8914,315
8915,268
8916,495
8917,460
8918,483
8919,373
8920,239
8921,397
8922,264
8923,319
8924,328
8925,260
8926,358
8927,375
8928,349
8929,27
8930,163
8931,67
8932,327
8933,357
8934,197
8935,412
8936,469
8937,239
8938,104
8939,208
8940,248
8941,284
8942,490
8943,396
8944,409
8945,463
8946,337
8947,118
8948,240
8949,189
8950,493
8951,191
8952,269
8953,331
8954,81
8955,21
8956,232
8957,177
8958,384
8959,393
8960,170
8961,205
8962,15
8963,368
8964,133
8965,73
8966,48
8967,368
8968,392
8969,195
8970,119
8971,497
8972,237
8973,115
8974,385
8975,289
8976,110
8977,442
8978,266
8979,491
8980,379
8981,258
8982,485
8983,338
8984,336
8985,493
8986,130
8987,429
8988,444
8989,241
8990,432
8991,119
8992,289
8993,355
8994,237
8995,202
8996,390
8997,252
8998,37
8999,210
9000,314
9001,470
9002,24
9003,302
9004,470
9005,394
9006,89
9007,472
9008,397
9009,313
9010,295
9011,303
9012,268
9013,141
9014,192
9015,216
9016,266
9017,17
9018,44
9019,313
9020,497
9021,83
9022,498
9023,40
9024,56
9025,340
9026,283
9027,130
9028,254
9029,389
9030,110
9031,266
9032,324
9033,199
9034,211
9035,326
9036,77
9037,179
9038,256
9039,184
9040,385
9041,151
9042,236
9043,366
9044,484
9045,165
9046,133
9047,31
9048,422
9049,34
9050,107
9051,111
9052,78
9053,253
9054,98
9055,284
9056,194
9057,274
9058,303
9059,409
9060,118
9061,406
9062,472
9063,494
9064,239
9065,349
9066,126
9067,350
9068,54
9069,244
9070,201
9071,350
9072,89
9073,223
9074,205
9075,63
9076,74
9077,128
9078,373
9079,196
9080,498
9081,425
9082,460
9083,258
9084,496
9085,357
9086,76
9087,154
9088,376
9089,271
9090,23
9091,217
9092,141
9093,187
9094,386
9095,288
9096,285
9097,455
9098,488
9099,162
9100,120
9101,195
9102,391
9103,338
9104,216
9105,464
9106,108
9107,76
9108,269
9109,287
9110,435
9111,87
9112,224
9113,134
9114,109
9115,389
9116,164
9117,231
9118,358
9119,107
9120,424
9121,79
9122,398
9123,26
9124,74
9125,343
9126,164
9127,238
9128,99
9129,361
9130,148
9131,281
9132,382
9133,251
9134,373
9135,269
9136,388
9137,498
9138,308
9139,79
9140,66
9141,123
9142,274
9143,243
9144,184
9145,20
9146,480
9147,245
9148,398
9149,25
9150,451
9151,218
9152,407
9153,18
9154,426
9155,179
9156,180
9157,192
9158,438
9159,232
9160,248
9161,430
9162,273
9163,41
9164,261
9165,230
9166,314
9167,38
9168,365
9169,406
9170,430
9171,155
9172,104
9173,59
9174,308
9175,96
9176,339
9177,294
9178,15
9179,130
9180,119
9181,168
9182,314
9183,53
9184,242
9185,232
9186,191
9187,201
9188,347
9189,135
9190,212
9191,31
9192,32
9193,365
9194,342
9195,430
9196,218
9197,37
9198,344
9199,231
9200,300
9201,145
9202,398
9203,144
9204,416
9205,481
9206,381
9207,184
9208,72
9209,436
9210,226
9211,477
9212,75
9213,247
9214,427
9215,495
9216,200
9217,396
9218,405
9219,402
9220,268
9221,222
9222,31
9223,303
9224,273
9225,456
9226,196
9227,269
9228,203
9229,221
9230,448
9231,16
9232,139
9233,91
9234,497
9235,439
9236,39
9237,188
9238,100
9239,27
9240,354
9241,420
9242,389
9243,259
9244,318
9245,262
9246,274
9247,25
9248,208
9249,170
9250,409
9251,420
9252,465
9253,457
9254,390
9255,37
9256,374
9257,381
9258,78
9259,67
9260,371
9261,410
9262,331
9263,56
9264,268
9265,194
9266,452
9267,95
9268,61
9269,393
9270,326
9271,441
9272,171
9273,87
9274,53
9275,173
9276,165
9277,482
9278,396
9279,205
9280,451
9281,482
9282,369
9283,373
9284,491
9285,431
9286,91
9287,164
9288,78
9289,25
9290,342
9291,177
9292,423
9293,218
9294,412
9295,189
9296,98
9297,213
9298,374
9299,37
9300,170
9301,467
9302,161
9303,399
9304,238
9305,274
9306,497
9307,375
9308,205
9309,50
9310,434
9311,158
9312,30
9313,412
9314,285
9315,114
9316,127
9317,55
9318,25
9319,361
9320,221
9321,271
9322,465
9323,474
9324,372
9325,45
9326,34
9327,199
9328,123
9329,435
9330,281
9331,381
9332,29
9333,298
9334,357
9335,442
9336,254
9337,192
9338,181
9339,399
9340,391
9341,243
9342,183
9343,170
9344,68
9345,228
9346,243
9347,323
9348,127
9349,189
9350,252
9351,81
9352,112
9353,355
9354,279
9355,226
9356,421
9357,242
9358,153
9359,121
9360,265
9361,21
9362,347
9363,470
9364,200
9365,17
9366,327
9367,57
9368,176
9369,184
9370,224
9371,188
9372,266
9373,486
9374,490
9375,433
9376,351
9377,202
9378,473
9379,134
9380,247
9381,177
9382,29
9383,477
9384,243
9385,412
9386,260
9387,471
9388,177
9389,499
9390,27
9391,252
9392,165
9393,472
9394,251
9395,352
9396,56
9397,103
9398,142
9399,116
9400,125
9401,309
9402,388
9403,474
9404,389
9405,171
9406,425
9407,143
9408,175
9409,445
9410,149
9411,177
9412,156
9413,184
9414,274
9415,442
9416,444
9417,282
9418,296
9419,232
9420,431
9421,390
9422,353
9423,437
9424,174
9425,222
9426,488
9427,127
9428,425
9429,312
9430,391
9431,425
9432,287
9433,38
9434,110
9435,469
9436,213
9437,129
9438,371
9439,50
9440,457
9441,389
9442,228
9443,282
9444,105
9445,158
9446,479
9447,90
9448,384
9449,235
9450,270
9451,473
9452,49
9453,177
9454,36
9455,134
9456,82
9457,314
9458,223
9459,428
9460,53
9461,210
9462,272
9463,89
9464,24
9465,389
9466,337
9467,102
9468,267
9469,113
9470,431
9471,166
9472,357
9473,358
9474,472
9475,379
9476,53
9477,313
9478,371
9479,352
9480,34
9481,438
9482,486
9483,483
9484,376
9485,139
9486,305
9487,437
9488,396
9489,244
9490,93
9491,17
9492,141
9493,138
9494,363
9495,117
9496,227
9497,433
9498,94
9499,87
9500,140
9501,406
9502,325
9503,478
9504,193
9505,126
9506,294
9507,496
9508,380
9509,467
9510,456
9511,250
9512,463
9513,369
9514,16
9515,357
9516,148
9517,28
9518,330
9519,384
9520,328
9521,325
9522,334
9523,215
9524,355
9525,63
9526,103
9527,19
9528,98
9529,316
9530,100
9531,383
9532,323
9533,189
9534,231
9535,96
9536,33
9537,94
9538,296
9539,306
9540,319
9541,268
9542,212
9543,35
9544,133
9545,243
9546,180
9547,114
9548,160
9549,19
9550,77
9551,312
9552,235
9553,216
9554,200
9555,193
9556,447
9557,228
9558,453
9559,107
9560,91
9561,318
9562,203
9563,486
9564,356
9565,238
9566,34
9567,353
9568,69
9569,137
9570,287
9571,220
9572,447
9573,303
9574,315
9575,251
9576,360
9577,329
9578,97
9579,483
9580,414
9581,236
9582,44
9583,289
9584,302
9585,463
9586,465
9587,482
9588,412
9589,404
9590,275
9591,105
9592,77
9593,280
9594,110
9595,176
9596,59
9597,389
9598,197
9599,454
9600,477
9601,161
9602,360
9603,79
9604,453
9605,312
9606,394
9607,412
9608,432
9609,495
9610,432
9611,86
9612,144
9613,88
9614,70
9615,30
9616,197
9617,324
9618,96
9619,93
9620,44
9621,214
9622,271
9623,43
9624,326
9625,140
9626,283
9627,405
9628,144
9629,237
9630,192
9631,235
9632,226
9633,62
9634,463
9635,450
9636,338
9637,456
9638,356
9639,181
9640,57
